source,hardware,framework,model,quant,task_id,run_id,label,ttft,end_to_end,decode_time,output_tokens,output_chars,decode_tok_s,output_text_hash,prompt_chars,max_tokens,timestamp
raw_logs/h200/gemma4_26b_ddx_en.jsonl,h200-nvl,llamacpp,gemma-4-26B-A4B-it,Q4_K_M,ddx_en,0,h200-nvl.llamacpp.gemma-4-26B-A4B-it.Q4_K_M.ddx_en,0.04592314106412232,1.3419025850016624,1.29597944393754,181,850,139.6627090396376,192f8b6880e10332,1084,400,1778375899.0355952
raw_logs/h200/gemma4_26b_ddx_en.jsonl,h200-nvl,llamacpp,gemma-4-26B-A4B-it,Q4_K_M,ddx_en,0,h200-nvl.llamacpp.gemma-4-26B-A4B-it.Q4_K_M.ddx_en,0.038266579853370786,1.3020871710032225,1.2638205911498517,181,850,143.21653031093774,192f8b6880e10332,1084,400,1778376023.6638248
raw_logs/h200/gemma4_26b_ddx_en.jsonl,h200-nvl,llamacpp,gemma-4-26B-A4B-it,Q4_K_M,ddx_en,1,h200-nvl.llamacpp.gemma-4-26B-A4B-it.Q4_K_M.ddx_en,0.037859279196709394,1.3024397741537541,1.2645804949570447,181,850,143.13046952867023,192f8b6880e10332,1084,400,1778376024.97597
raw_logs/h200/gemma4_26b_ddx_en.jsonl,h200-nvl,llamacpp,gemma-4-26B-A4B-it,Q4_K_M,ddx_en,2,h200-nvl.llamacpp.gemma-4-26B-A4B-it.Q4_K_M.ddx_en,0.03397444495931268,1.2998602478764951,1.2658858029171824,181,850,142.98288169666873,192f8b6880e10332,1084,400,1778376026.2833834
raw_logs/h200/gemma4_26b_ddx_en.jsonl,h200-nvl,llamacpp,gemma-4-26B-A4B-it,Q4_K_M,ddx_en,3,h200-nvl.llamacpp.gemma-4-26B-A4B-it.Q4_K_M.ddx_en,0.03645813907496631,1.3112027770839632,1.2747446380089968,181,850,141.98922247102055,192f8b6880e10332,1084,400,1778376027.60201
raw_logs/h200/gemma4_26b_ddx_en.jsonl,h200-nvl,llamacpp,gemma-4-26B-A4B-it,Q4_K_M,ddx_en,4,h200-nvl.llamacpp.gemma-4-26B-A4B-it.Q4_K_M.ddx_en,0.03570620506070554,1.2954185400158167,1.2597123349551111,181,850,143.6835974194456,192f8b6880e10332,1084,400,1778376028.904863
raw_logs/h200/gemma4_26b_drug_zh.jsonl,h200-nvl,llamacpp,gemma-4-26B-A4B-it,Q4_K_M,drug_zh,0,h200-nvl.llamacpp.gemma-4-26B-A4B-it.Q4_K_M.drug_zh,0.034438125090673566,0.9282915340736508,0.8938534089829773,141,233,157.74398641095883,044eee78c9b90d09,305,500,1778376031.3817804
raw_logs/h200/gemma4_26b_drug_zh.jsonl,h200-nvl,llamacpp,gemma-4-26B-A4B-it,Q4_K_M,drug_zh,1,h200-nvl.llamacpp.gemma-4-26B-A4B-it.Q4_K_M.drug_zh,0.033588438061997294,0.9211945601273328,0.8876061220653355,141,233,158.85424457406026,044eee78c9b90d09,305,500,1778376032.3096807
raw_logs/h200/gemma4_26b_drug_zh.jsonl,h200-nvl,llamacpp,gemma-4-26B-A4B-it,Q4_K_M,drug_zh,2,h200-nvl.llamacpp.gemma-4-26B-A4B-it.Q4_K_M.drug_zh,0.034286702051758766,0.9359897731337696,0.9017030710820109,141,233,156.37076607802294,044eee78c9b90d09,305,500,1778376033.2523203
raw_logs/h200/gemma4_26b_drug_zh.jsonl,h200-nvl,llamacpp,gemma-4-26B-A4B-it,Q4_K_M,drug_zh,3,h200-nvl.llamacpp.gemma-4-26B-A4B-it.Q4_K_M.drug_zh,0.033326317789033055,0.9320618498604745,0.8987355320714414,141,233,156.88708743385007,044eee78c9b90d09,305,500,1778376034.190973
raw_logs/h200/gemma4_26b_drug_zh.jsonl,h200-nvl,llamacpp,gemma-4-26B-A4B-it,Q4_K_M,drug_zh,4,h200-nvl.llamacpp.gemma-4-26B-A4B-it.Q4_K_M.drug_zh,0.03017684305086732,0.9253374619875103,0.895160618936643,141,233,157.51363165137138,044eee78c9b90d09,305,500,1778376035.1229427
raw_logs/h200/gemma4_26b_icd_zh.jsonl,h200-nvl,llamacpp,gemma-4-26B-A4B-it,Q4_K_M,icd_zh,0,h200-nvl.llamacpp.gemma-4-26B-A4B-it.Q4_K_M.icd_zh,0.03381175012327731,0.6031735620927066,0.5693618119694293,88,102,154.55901353061765,1c6e70685f59cf56,275,200,1778376036.78155
raw_logs/h200/gemma4_26b_icd_zh.jsonl,h200-nvl,llamacpp,gemma-4-26B-A4B-it,Q4_K_M,icd_zh,1,h200-nvl.llamacpp.gemma-4-26B-A4B-it.Q4_K_M.icd_zh,0.032341589918360114,0.6029242509976029,0.5705826610792428,88,102,154.22831081748998,1c6e70685f59cf56,275,200,1778376037.390994
raw_logs/h200/gemma4_26b_icd_zh.jsonl,h200-nvl,llamacpp,gemma-4-26B-A4B-it,Q4_K_M,icd_zh,2,h200-nvl.llamacpp.gemma-4-26B-A4B-it.Q4_K_M.icd_zh,0.031062148977071047,0.6042987469118088,0.5732365979347378,88,102,153.5142737170781,1c6e70685f59cf56,275,200,1778376038.0019984
raw_logs/h200/gemma4_26b_icd_zh.jsonl,h200-nvl,llamacpp,gemma-4-26B-A4B-it,Q4_K_M,icd_zh,3,h200-nvl.llamacpp.gemma-4-26B-A4B-it.Q4_K_M.icd_zh,0.030369037063792348,0.6063153541181237,0.5759463170543313,88,102,152.7920179263836,1c6e70685f59cf56,275,200,1778376038.6149125
raw_logs/h200/gemma4_26b_icd_zh.jsonl,h200-nvl,llamacpp,gemma-4-26B-A4B-it,Q4_K_M,icd_zh,4,h200-nvl.llamacpp.gemma-4-26B-A4B-it.Q4_K_M.icd_zh,0.03163225296884775,0.6040328040253371,0.5724005510564893,88,102,153.73849629874906,1c6e70685f59cf56,275,200,1778376039.225605
raw_logs/h200/gemma4_26b_soap_en.jsonl,h200-nvl,llamacpp,gemma-4-26B-A4B-it,Q4_K_M,soap_en,0,h200-nvl.llamacpp.gemma-4-26B-A4B-it.Q4_K_M.soap_en,0.04715903918258846,1.6581268380396068,1.6109677988570184,223,877,138.42610644248663,3e095e83d4b87471,1474,600,1778375889.1017096
raw_logs/h200/gemma4_26b_soap_en.jsonl,h200-nvl,llamacpp,gemma-4-26B-A4B-it,Q4_K_M,soap_en,1,h200-nvl.llamacpp.gemma-4-26B-A4B-it.Q4_K_M.soap_en,0.04524657782167196,1.6543651369865984,1.6091185591649264,223,877,138.58518922044428,3e095e83d4b87471,1474,600,1778375890.7638836
raw_logs/h200/gemma4_26b_soap_en.jsonl,h200-nvl,llamacpp,gemma-4-26B-A4B-it,Q4_K_M,soap_en,2,h200-nvl.llamacpp.gemma-4-26B-A4B-it.Q4_K_M.soap_en,0.04213346797041595,1.6506370340939611,1.6085035661235452,223,877,138.6381756911019,3e095e83d4b87471,1474,600,1778375892.4221244
raw_logs/h200/gemma4_26b_soap_en.jsonl,h200-nvl,llamacpp,gemma-4-26B-A4B-it,Q4_K_M,soap_en,3,h200-nvl.llamacpp.gemma-4-26B-A4B-it.Q4_K_M.soap_en,0.04271776112727821,1.6542236390523612,1.611505877925083,223,877,138.3798862013006,3e095e83d4b87471,1474,600,1778375894.084438
raw_logs/h200/gemma4_26b_soap_en.jsonl,h200-nvl,llamacpp,gemma-4-26B-A4B-it,Q4_K_M,soap_en,4,h200-nvl.llamacpp.gemma-4-26B-A4B-it.Q4_K_M.soap_en,0.0477381378877908,1.6658026019576937,1.618064464069903,223,877,137.81898370049493,3e095e83d4b87471,1474,600,1778375895.757795
raw_logs/h200/gemma4_26b_soap_en.jsonl,h200-nvl,llamacpp,gemma-4-26B-A4B-it,Q4_K_M,soap_en,0,h200-nvl.llamacpp.gemma-4-26B-A4B-it.Q4_K_M.soap_en,0.04693412291817367,1.6437281309626997,1.596794008044526,223,877,139.65483266879951,3e095e83d4b87471,1474,600,1778376014.0368981
raw_logs/h200/gemma4_26b_soap_en.jsonl,h200-nvl,llamacpp,gemma-4-26B-A4B-it,Q4_K_M,soap_en,1,h200-nvl.llamacpp.gemma-4-26B-A4B-it.Q4_K_M.soap_en,0.04467889713123441,1.61397770117037,1.5692988040391356,223,877,142.10168224561954,3e095e83d4b87471,1474,600,1778376015.6640656
raw_logs/h200/gemma4_26b_soap_en.jsonl,h200-nvl,llamacpp,gemma-4-26B-A4B-it,Q4_K_M,soap_en,2,h200-nvl.llamacpp.gemma-4-26B-A4B-it.Q4_K_M.soap_en,0.04400099883787334,1.6165691269561648,1.5725681281182915,223,877,141.8062569199072,3e095e83d4b87471,1474,600,1778376017.2881575
raw_logs/h200/gemma4_26b_soap_en.jsonl,h200-nvl,llamacpp,gemma-4-26B-A4B-it,Q4_K_M,soap_en,3,h200-nvl.llamacpp.gemma-4-26B-A4B-it.Q4_K_M.soap_en,0.04187712585553527,1.6167962758336216,1.5749191499780864,223,877,141.59457011053732,3e095e83d4b87471,1474,600,1778376018.9125144
raw_logs/h200/gemma4_26b_soap_en.jsonl,h200-nvl,llamacpp,gemma-4-26B-A4B-it,Q4_K_M,soap_en,4,h200-nvl.llamacpp.gemma-4-26B-A4B-it.Q4_K_M.soap_en,0.04304954200051725,1.5494351258967072,1.50638558389619,223,877,148.03646714622812,3e095e83d4b87471,1474,600,1778376020.4689622
raw_logs/h200/gemma4_31b_ddx_en.jsonl,h200-nvl,llamacpp,gemma-4-31B-it,Q4_K_M,ddx_en,0,h200-nvl.llamacpp.gemma-4-31B-it.Q4_K_M.ddx_en,0.09985718503594398,2.477342286147177,2.3774851011112332,152,708,63.933103062961536,fa23e3df9fad168d,1084,400,1778376755.5821373
raw_logs/h200/gemma4_31b_ddx_en.jsonl,h200-nvl,llamacpp,gemma-4-31B-it,Q4_K_M,ddx_en,1,h200-nvl.llamacpp.gemma-4-31B-it.Q4_K_M.ddx_en,0.09887287206947803,2.480062395101413,2.381189523031935,152,708,63.83364219008512,fa23e3df9fad168d,1084,400,1778376758.0781848
raw_logs/h200/gemma4_31b_ddx_en.jsonl,h200-nvl,llamacpp,gemma-4-31B-it,Q4_K_M,ddx_en,2,h200-nvl.llamacpp.gemma-4-31B-it.Q4_K_M.ddx_en,0.09964817599393427,2.484537438955158,2.3848892629612237,152,708,63.73461542246517,fa23e3df9fad168d,1084,400,1778376760.5786874
raw_logs/h200/gemma4_31b_ddx_en.jsonl,h200-nvl,llamacpp,gemma-4-31B-it,Q4_K_M,ddx_en,3,h200-nvl.llamacpp.gemma-4-31B-it.Q4_K_M.ddx_en,0.09965417301282287,2.459668954834342,2.360014781821519,152,708,64.40637625272946,fa23e3df9fad168d,1084,400,1778376763.054962
raw_logs/h200/gemma4_31b_ddx_en.jsonl,h200-nvl,llamacpp,gemma-4-31B-it,Q4_K_M,ddx_en,4,h200-nvl.llamacpp.gemma-4-31B-it.Q4_K_M.ddx_en,0.09915624489076436,2.471484648063779,2.3723284031730145,152,708,64.07207357830323,fa23e3df9fad168d,1084,400,1778376765.5423522
raw_logs/h200/gemma4_31b_drug_zh.jsonl,h200-nvl,llamacpp,gemma-4-31B-it,Q4_K_M,drug_zh,0,h200-nvl.llamacpp.gemma-4-31B-it.Q4_K_M.drug_zh,0.08400009502656758,2.161378365010023,2.0773782699834555,134,230,64.50438128491022,ca023d74b1ee5de7,305,500,1778376771.1213145
raw_logs/h200/gemma4_31b_drug_zh.jsonl,h200-nvl,llamacpp,gemma-4-31B-it,Q4_K_M,drug_zh,1,h200-nvl.llamacpp.gemma-4-31B-it.Q4_K_M.drug_zh,0.08351063495501876,2.16091229300946,2.077401658054441,134,230,64.50365507337452,ca023d74b1ee5de7,305,500,1778376773.2982252
raw_logs/h200/gemma4_31b_drug_zh.jsonl,h200-nvl,llamacpp,gemma-4-31B-it,Q4_K_M,drug_zh,2,h200-nvl.llamacpp.gemma-4-31B-it.Q4_K_M.drug_zh,0.08255621488206089,2.1746614689473063,2.0921052540652454,134,230,64.0503147437825,ca023d74b1ee5de7,305,500,1778376775.4891284
raw_logs/h200/gemma4_31b_drug_zh.jsonl,h200-nvl,llamacpp,gemma-4-31B-it,Q4_K_M,drug_zh,3,h200-nvl.llamacpp.gemma-4-31B-it.Q4_K_M.drug_zh,0.0802813689224422,2.1740771969780326,2.0937958280555904,134,230,63.99859919696157,ca023d74b1ee5de7,305,500,1778376777.6791644
raw_logs/h200/gemma4_31b_drug_zh.jsonl,h200-nvl,llamacpp,gemma-4-31B-it,Q4_K_M,drug_zh,4,h200-nvl.llamacpp.gemma-4-31B-it.Q4_K_M.drug_zh,0.08551893103867769,2.1755891509819776,2.0900702199433,134,230,64.11267847433145,ca023d74b1ee5de7,305,500,1778376779.870912
raw_logs/h200/gemma4_31b_icd_zh.jsonl,h200-nvl,llamacpp,gemma-4-31B-it,Q4_K_M,icd_zh,0,h200-nvl.llamacpp.gemma-4-31B-it.Q4_K_M.icd_zh,0.08388668787665665,0.47431295388378203,0.3904262660071254,26,32,66.5938802373647,538c538b900d7780,275,200,1778376781.8185127
raw_logs/h200/gemma4_31b_icd_zh.jsonl,h200-nvl,llamacpp,gemma-4-31B-it,Q4_K_M,icd_zh,1,h200-nvl.llamacpp.gemma-4-31B-it.Q4_K_M.icd_zh,0.0820430729072541,0.4721821891143918,0.3901391162071377,26,32,66.64289459813034,538c538b900d7780,275,200,1778376782.3063831
raw_logs/h200/gemma4_31b_icd_zh.jsonl,h200-nvl,llamacpp,gemma-4-31B-it,Q4_K_M,icd_zh,2,h200-nvl.llamacpp.gemma-4-31B-it.Q4_K_M.icd_zh,0.08333137212321162,0.4731197371147573,0.3897883649915457,26,32,66.70286323339572,538c538b900d7780,275,200,1778376782.7951946
raw_logs/h200/gemma4_31b_icd_zh.jsonl,h200-nvl,llamacpp,gemma-4-31B-it,Q4_K_M,icd_zh,3,h200-nvl.llamacpp.gemma-4-31B-it.Q4_K_M.icd_zh,0.07660188409499824,0.46599182509817183,0.3893899410031736,26,32,66.77111363744267,538c538b900d7780,275,200,1778376783.2770212
raw_logs/h200/gemma4_31b_icd_zh.jsonl,h200-nvl,llamacpp,gemma-4-31B-it,Q4_K_M,icd_zh,4,h200-nvl.llamacpp.gemma-4-31B-it.Q4_K_M.icd_zh,0.07408583699725568,0.4633679720573127,0.38928213506005704,26,32,66.7896049121001,538c538b900d7780,275,200,1778376783.7560651
raw_logs/h200/gemma4_31b_soap_en.jsonl,h200-nvl,llamacpp,gemma-4-31B-it,Q4_K_M,soap_en,0,h200-nvl.llamacpp.gemma-4-31B-it.Q4_K_M.soap_en,0.11006271303631365,3.189014694886282,3.0789519818499684,197,740,63.98281011243112,9b5e4181ebbff4cf,1474,600,1778376736.2982702
raw_logs/h200/gemma4_31b_soap_en.jsonl,h200-nvl,llamacpp,gemma-4-31B-it,Q4_K_M,soap_en,1,h200-nvl.llamacpp.gemma-4-31B-it.Q4_K_M.soap_en,0.10982516594231129,3.194745770888403,3.0849206049460918,197,740,63.85901785742798,9b5e4181ebbff4cf,1474,600,1778376739.5092027
raw_logs/h200/gemma4_31b_soap_en.jsonl,h200-nvl,llamacpp,gemma-4-31B-it,Q4_K_M,soap_en,2,h200-nvl.llamacpp.gemma-4-31B-it.Q4_K_M.soap_en,0.1112804701551795,3.180166542995721,3.0688860728405416,197,740,64.19267295173914,9b5e4181ebbff4cf,1474,600,1778376742.7055566
raw_logs/h200/gemma4_31b_soap_en.jsonl,h200-nvl,llamacpp,gemma-4-31B-it,Q4_K_M,soap_en,3,h200-nvl.llamacpp.gemma-4-31B-it.Q4_K_M.soap_en,0.11023296206258237,3.1853416659869254,3.075108703924343,197,740,64.06277597556004,9b5e4181ebbff4cf,1474,600,1778376745.9071827
raw_logs/h200/gemma4_31b_soap_en.jsonl,h200-nvl,llamacpp,gemma-4-31B-it,Q4_K_M,soap_en,4,h200-nvl.llamacpp.gemma-4-31B-it.Q4_K_M.soap_en,0.10962547594681382,3.205110747134313,3.095485271187499,197,740,63.641071670945564,9b5e4181ebbff4cf,1474,600,1778376749.1283722
raw_logs/h200/glm47_flash_ddx_en.jsonl,h200-nvl,llamacpp,glm-4.7-flash,Q4_K_M,ddx_en,0,h200-nvl.llamacpp.glm-4.7-flash.Q4_K_M.ddx_en,0.019290067022666335,1.6773628199007362,1.6580727528780699,238,1050,143.54014296832358,332c4d98f80d0af4,1084,400,1778375700.7879884
raw_logs/h200/glm47_flash_ddx_en.jsonl,h200-nvl,llamacpp,glm-4.7-flash,Q4_K_M,ddx_en,1,h200-nvl.llamacpp.glm-4.7-flash.Q4_K_M.ddx_en,0.027994954027235508,1.6764895308297127,1.6484945768024772,238,1050,144.374147994857,332c4d98f80d0af4,1084,400,1778375702.4718745
raw_logs/h200/glm47_flash_ddx_en.jsonl,h200-nvl,llamacpp,glm-4.7-flash,Q4_K_M,ddx_en,2,h200-nvl.llamacpp.glm-4.7-flash.Q4_K_M.ddx_en,0.027627528179436922,1.678941538091749,1.651314009912312,238,1050,144.12764536082284,332c4d98f80d0af4,1084,400,1778375704.158126
raw_logs/h200/glm47_flash_ddx_en.jsonl,h200-nvl,llamacpp,glm-4.7-flash,Q4_K_M,ddx_en,3,h200-nvl.llamacpp.glm-4.7-flash.Q4_K_M.ddx_en,0.028622157871723175,1.6749338298104703,1.6463116719387472,238,1050,144.56557895852362,332c4d98f80d0af4,1084,400,1778375705.840339
raw_logs/h200/glm47_flash_ddx_en.jsonl,h200-nvl,llamacpp,glm-4.7-flash,Q4_K_M,ddx_en,4,h200-nvl.llamacpp.glm-4.7-flash.Q4_K_M.ddx_en,0.02442542719654739,1.6369707300327718,1.6125453028362244,238,1050,147.59275263857322,332c4d98f80d0af4,1084,400,1778375707.484675
raw_logs/h200/glm47_flash_drug_zh.jsonl,h200-nvl,llamacpp,glm-4.7-flash,Q4_K_M,drug_zh,0,h200-nvl.llamacpp.glm-4.7-flash.Q4_K_M.drug_zh,0.05705492594279349,2.196899540955201,2.1398446150124073,269,401,125.71006236284137,bab232c40ae5b363,305,500,1778375712.0509772
raw_logs/h200/glm47_flash_drug_zh.jsonl,h200-nvl,llamacpp,glm-4.7-flash,Q4_K_M,drug_zh,1,h200-nvl.llamacpp.glm-4.7-flash.Q4_K_M.drug_zh,0.04546612408012152,2.197371096117422,2.1519049720373005,269,401,125.00551999065563,bab232c40ae5b363,305,500,1778375714.2559159
raw_logs/h200/glm47_flash_drug_zh.jsonl,h200-nvl,llamacpp,glm-4.7-flash,Q4_K_M,drug_zh,2,h200-nvl.llamacpp.glm-4.7-flash.Q4_K_M.drug_zh,0.027588363038375974,2.1693972190842032,2.1418088560458273,269,401,125.59477436124875,bab232c40ae5b363,305,500,1778375716.4328933
raw_logs/h200/glm47_flash_drug_zh.jsonl,h200-nvl,llamacpp,glm-4.7-flash,Q4_K_M,drug_zh,3,h200-nvl.llamacpp.glm-4.7-flash.Q4_K_M.drug_zh,0.030192920938134193,2.1736511820927262,2.143458261154592,269,401,125.4981283634144,bab232c40ae5b363,305,500,1778375718.613972
raw_logs/h200/glm47_flash_drug_zh.jsonl,h200-nvl,llamacpp,glm-4.7-flash,Q4_K_M,drug_zh,4,h200-nvl.llamacpp.glm-4.7-flash.Q4_K_M.drug_zh,0.02774458099156618,2.1565890279598534,2.1288444469682872,269,401,126.35963157528306,bab232c40ae5b363,305,500,1778375720.7779176
raw_logs/h200/glm47_flash_icd_zh.jsonl,h200-nvl,llamacpp,glm-4.7-flash,Q4_K_M,icd_zh,0,h200-nvl.llamacpp.glm-4.7-flash.Q4_K_M.icd_zh,0.026607375126332045,0.5181381530128419,0.4915307778865099,64,80,130.20547823106418,f48b5220c957d36a,275,200,1778375722.1765497
raw_logs/h200/glm47_flash_icd_zh.jsonl,h200-nvl,llamacpp,glm-4.7-flash,Q4_K_M,icd_zh,1,h200-nvl.llamacpp.glm-4.7-flash.Q4_K_M.icd_zh,0.02718414505943656,0.5183835818897933,0.4911994368303567,64,80,130.293308992745,f48b5220c957d36a,275,200,1778375722.7022257
raw_logs/h200/glm47_flash_icd_zh.jsonl,h200-nvl,llamacpp,glm-4.7-flash,Q4_K_M,icd_zh,2,h200-nvl.llamacpp.glm-4.7-flash.Q4_K_M.icd_zh,0.026662789983674884,0.5180311198346317,0.4913683298509568,64,80,130.24852460355484,f48b5220c957d36a,275,200,1778375723.2274961
raw_logs/h200/glm47_flash_icd_zh.jsonl,h200-nvl,llamacpp,glm-4.7-flash,Q4_K_M,icd_zh,3,h200-nvl.llamacpp.glm-4.7-flash.Q4_K_M.icd_zh,0.027637016959488392,0.5181982030626386,0.49056118610315025,64,80,130.46282872151798,f48b5220c957d36a,275,200,1778375723.752827
raw_logs/h200/glm47_flash_icd_zh.jsonl,h200-nvl,llamacpp,glm-4.7-flash,Q4_K_M,icd_zh,4,h200-nvl.llamacpp.glm-4.7-flash.Q4_K_M.icd_zh,0.026602869853377342,0.5191174908541143,0.49251462100073695,64,80,129.94538084972757,f48b5220c957d36a,275,200,1778375724.2789886
raw_logs/h200/glm47_flash_soap_en.jsonl,h200-nvl,llamacpp,glm-4.7-flash,Q4_K_M,soap_en,0,h200-nvl.llamacpp.glm-4.7-flash.Q4_K_M.soap_en,0.02908084518276155,1.7721867139916867,1.7431058688089252,247,979,141.70108908461,81478e6e9f0c8263,1474,600,1778375690.1041954
raw_logs/h200/glm47_flash_soap_en.jsonl,h200-nvl,llamacpp,glm-4.7-flash,Q4_K_M,soap_en,1,h200-nvl.llamacpp.glm-4.7-flash.Q4_K_M.soap_en,0.028683169977739453,1.7652368310373276,1.7365536610595882,247,979,142.23574286169116,81478e6e9f0c8263,1474,600,1778375691.8768275
raw_logs/h200/glm47_flash_soap_en.jsonl,h200-nvl,llamacpp,glm-4.7-flash,Q4_K_M,soap_en,2,h200-nvl.llamacpp.glm-4.7-flash.Q4_K_M.soap_en,0.03010914009064436,1.7696676880586892,1.7395585479680449,247,979,141.9900470084881,81478e6e9f0c8263,1474,600,1778375693.653777
raw_logs/h200/glm47_flash_soap_en.jsonl,h200-nvl,llamacpp,glm-4.7-flash,Q4_K_M,soap_en,3,h200-nvl.llamacpp.glm-4.7-flash.Q4_K_M.soap_en,0.028656105045229197,1.756128238979727,1.7274721339344978,247,979,142.98349313307403,81478e6e9f0c8263,1474,600,1778375695.417437
raw_logs/h200/glm47_flash_soap_en.jsonl,h200-nvl,llamacpp,glm-4.7-flash,Q4_K_M,soap_en,4,h200-nvl.llamacpp.glm-4.7-flash.Q4_K_M.soap_en,0.028887307969853282,1.7581380510237068,1.7292507430538535,247,979,142.8364284313092,81478e6e9f0c8263,1474,600,1778375697.1831908
raw_logs/h200/medgemma4b_ddx_en.jsonl,h200-nvl,llamacpp,medgemma-4b-it,Q4_K_M,ddx_en,0,h200-nvl.llamacpp.medgemma-4b-it.Q4_K_M.ddx_en,0.028857477009296417,0.752271625911817,0.7234141489025205,144,667,199.05610115375816,809ea9c4284a1552,1084,400,1778372939.5928478
raw_logs/h200/medgemma4b_ddx_en.jsonl,h200-nvl,llamacpp,medgemma-4b-it,Q4_K_M,ddx_en,1,h200-nvl.llamacpp.medgemma-4b-it.Q4_K_M.ddx_en,0.03082528105005622,0.7638745179865509,0.7330492369364947,144,667,196.43973793874227,809ea9c4284a1552,1084,400,1778372940.3620956
raw_logs/h200/medgemma4b_ddx_en.jsonl,h200-nvl,llamacpp,medgemma-4b-it,Q4_K_M,ddx_en,2,h200-nvl.llamacpp.medgemma-4b-it.Q4_K_M.ddx_en,0.027175518916919827,0.7468998259864748,0.7197243070695549,144,667,200.0766107043314,809ea9c4284a1552,1084,400,1778372941.1143332
raw_logs/h200/medgemma4b_ddx_en.jsonl,h200-nvl,llamacpp,medgemma-4b-it,Q4_K_M,ddx_en,3,h200-nvl.llamacpp.medgemma-4b-it.Q4_K_M.ddx_en,0.026076061883941293,0.7456895259674639,0.7196134640835226,144,667,200.10742876162544,809ea9c4284a1552,1084,400,1778372941.865449
raw_logs/h200/medgemma4b_ddx_en.jsonl,h200-nvl,llamacpp,medgemma-4b-it,Q4_K_M,ddx_en,4,h200-nvl.llamacpp.medgemma-4b-it.Q4_K_M.ddx_en,0.026262925937771797,0.7467514970339835,0.7204885710962117,144,667,199.86437783587093,809ea9c4284a1552,1084,400,1778372942.617562
raw_logs/h200/medgemma4b_drug_zh.jsonl,h200-nvl,llamacpp,medgemma-4b-it,Q4_K_M,drug_zh,0,h200-nvl.llamacpp.medgemma-4b-it.Q4_K_M.drug_zh,0.14730209205299616,0.8359075440093875,0.6886054519563913,137,255,198.9528250332181,771c9a36db7407a7,305,500,1778372945.5114353
raw_logs/h200/medgemma4b_drug_zh.jsonl,h200-nvl,llamacpp,medgemma-4b-it,Q4_K_M,drug_zh,1,h200-nvl.llamacpp.medgemma-4b-it.Q4_K_M.drug_zh,0.02302146190777421,0.7130428890231997,0.6900214271154255,137,255,198.5445590765443,771c9a36db7407a7,305,500,1778372946.2296822
raw_logs/h200/medgemma4b_drug_zh.jsonl,h200-nvl,llamacpp,medgemma-4b-it,Q4_K_M,drug_zh,2,h200-nvl.llamacpp.medgemma-4b-it.Q4_K_M.drug_zh,0.022932018153369427,0.7008699181023985,0.6779378999490291,137,255,202.08340617968162,771c9a36db7407a7,305,500,1778372946.935867
raw_logs/h200/medgemma4b_drug_zh.jsonl,h200-nvl,llamacpp,medgemma-4b-it,Q4_K_M,drug_zh,3,h200-nvl.llamacpp.medgemma-4b-it.Q4_K_M.drug_zh,0.025242870207875967,0.7036874641198665,0.6784445939119905,137,255,201.932480897286,771c9a36db7407a7,305,500,1778372947.6448119
raw_logs/h200/medgemma4b_drug_zh.jsonl,h200-nvl,llamacpp,medgemma-4b-it,Q4_K_M,drug_zh,4,h200-nvl.llamacpp.medgemma-4b-it.Q4_K_M.drug_zh,0.022540749050676823,0.7007701268885285,0.6782293778378516,137,255,201.99655820977046,771c9a36db7407a7,305,500,1778372948.3508713
raw_logs/h200/medgemma4b_icd_zh.jsonl,h200-nvl,llamacpp,medgemma-4b-it,Q4_K_M,icd_zh,0,h200-nvl.llamacpp.medgemma-4b-it.Q4_K_M.icd_zh,0.023314574966207147,0.38985038409009576,0.3665358091238886,73,79,199.16198685876856,42f9ee2f6dcafa25,275,200,1778372949.479179
raw_logs/h200/medgemma4b_icd_zh.jsonl,h200-nvl,llamacpp,medgemma-4b-it,Q4_K_M,icd_zh,1,h200-nvl.llamacpp.medgemma-4b-it.Q4_K_M.icd_zh,0.024060242110863328,0.3899043891578913,0.36584414704702795,73,79,199.5385209500594,42f9ee2f6dcafa25,275,200,1778372949.8742807
raw_logs/h200/medgemma4b_icd_zh.jsonl,h200-nvl,llamacpp,medgemma-4b-it,Q4_K_M,icd_zh,2,h200-nvl.llamacpp.medgemma-4b-it.Q4_K_M.icd_zh,0.022778236074373126,0.39013512805104256,0.36735689197666943,73,79,198.7168380241963,42f9ee2f6dcafa25,275,200,1778372950.269773
raw_logs/h200/medgemma4b_icd_zh.jsonl,h200-nvl,llamacpp,medgemma-4b-it,Q4_K_M,icd_zh,3,h200-nvl.llamacpp.medgemma-4b-it.Q4_K_M.icd_zh,0.02395027200691402,0.3917217440903187,0.36777147208340466,73,79,198.4928292193495,42f9ee2f6dcafa25,275,200,1778372950.6668
raw_logs/h200/medgemma4b_icd_zh.jsonl,h200-nvl,llamacpp,medgemma-4b-it,Q4_K_M,icd_zh,4,h200-nvl.llamacpp.medgemma-4b-it.Q4_K_M.icd_zh,0.022767692804336548,0.3894348288886249,0.36666713608428836,73,79,199.09065420910528,42f9ee2f6dcafa25,275,200,1778372951.0615072
raw_logs/h200/medgemma4b_soap_en.jsonl,h200-nvl,llamacpp,medgemma-4b-it,Q4_K_M,soap_en,0,h200-nvl.llamacpp.medgemma-4b-it.Q4_K_M.soap_en,0.0325656367931515,1.0513412549626082,1.0187756181694567,203,869,199.25879298598826,07fb1561ca125a8d,1474,600,1778372933.454188
raw_logs/h200/medgemma4b_soap_en.jsonl,h200-nvl,llamacpp,medgemma-4b-it,Q4_K_M,soap_en,1,h200-nvl.llamacpp.medgemma-4b-it.Q4_K_M.soap_en,0.030607638880610466,1.0490145219955593,1.0184068831149489,203,869,199.3309387099725,07fb1561ca125a8d,1474,600,1778372934.508547
raw_logs/h200/medgemma4b_soap_en.jsonl,h200-nvl,llamacpp,medgemma-4b-it,Q4_K_M,soap_en,2,h200-nvl.llamacpp.medgemma-4b-it.Q4_K_M.soap_en,0.027727623004466295,1.0473740769084543,1.019646453903988,203,869,199.0886147083241,07fb1561ca125a8d,1474,600,1778372935.5613813
raw_logs/h200/medgemma4b_soap_en.jsonl,h200-nvl,llamacpp,medgemma-4b-it,Q4_K_M,soap_en,3,h200-nvl.llamacpp.medgemma-4b-it.Q4_K_M.soap_en,0.03195682493969798,1.065700792009011,1.033743967069313,203,869,196.37357650125833,07fb1561ca125a8d,1474,600,1778372936.6322935
raw_logs/h200/medgemma4b_soap_en.jsonl,h200-nvl,llamacpp,medgemma-4b-it,Q4_K_M,soap_en,4,h200-nvl.llamacpp.medgemma-4b-it.Q4_K_M.soap_en,0.027423926861956716,1.0476552590262145,1.0202313321642578,203,869,198.97448117905566,07fb1561ca125a8d,1474,600,1778372937.6851704
raw_logs/h200/medgemma_ddx_en.jsonl,h200-nvl,llamacpp,medgemma-27b-text-it,Q4_K_M,ddx_en,0,h200-nvl.llamacpp.medgemma-27b-text-it.Q4_K_M.ddx_en,0.07463812013156712,2.69653428113088,2.621896160999313,181,789,69.03400778885668,226b08a3ea3f8daa,1084,400,1778372104.4343035
raw_logs/h200/medgemma_ddx_en.jsonl,h200-nvl,llamacpp,medgemma-27b-text-it,Q4_K_M,ddx_en,1,h200-nvl.llamacpp.medgemma-27b-text-it.Q4_K_M.ddx_en,0.07216517603956163,2.680496795102954,2.6083316190633923,181,789,69.39301685304649,226b08a3ea3f8daa,1084,400,1778372107.129886
raw_logs/h200/medgemma_ddx_en.jsonl,h200-nvl,llamacpp,medgemma-27b-text-it,Q4_K_M,ddx_en,2,h200-nvl.llamacpp.medgemma-27b-text-it.Q4_K_M.ddx_en,0.07096013613045216,2.6728258430957794,2.6018657069653273,181,789,69.56546585607926,226b08a3ea3f8daa,1084,400,1778372109.8174555
raw_logs/h200/medgemma_ddx_en.jsonl,h200-nvl,llamacpp,medgemma-27b-text-it,Q4_K_M,ddx_en,3,h200-nvl.llamacpp.medgemma-27b-text-it.Q4_K_M.ddx_en,0.06507551087997854,2.6792339580133557,2.614158447133377,181,789,69.2383432987699,226b08a3ea3f8daa,1084,400,1778372112.5115004
raw_logs/h200/medgemma_ddx_en.jsonl,h200-nvl,llamacpp,medgemma-27b-text-it,Q4_K_M,ddx_en,4,h200-nvl.llamacpp.medgemma-27b-text-it.Q4_K_M.ddx_en,0.06683637388050556,2.6823933077976108,2.615556933917105,181,789,69.2013229201366,226b08a3ea3f8daa,1084,400,1778372115.2089918
raw_logs/h200/medgemma_drug_zh.jsonl,h200-nvl,llamacpp,medgemma-27b-text-it,Q4_K_M,drug_zh,0,h200-nvl.llamacpp.medgemma-27b-text-it.Q4_K_M.drug_zh,0.06856052996590734,2.5806324628647417,2.5120719328988343,173,317,68.86745468326006,2dc823205ee28061,305,500,1778372121.135771
raw_logs/h200/medgemma_drug_zh.jsonl,h200-nvl,llamacpp,medgemma-27b-text-it,Q4_K_M,drug_zh,1,h200-nvl.llamacpp.medgemma-27b-text-it.Q4_K_M.drug_zh,0.06410743296146393,2.5648774339351803,2.5007700009737164,173,317,69.17869293563166,2dc823205ee28061,305,500,1778372123.715433
raw_logs/h200/medgemma_drug_zh.jsonl,h200-nvl,llamacpp,medgemma-27b-text-it,Q4_K_M,drug_zh,2,h200-nvl.llamacpp.medgemma-27b-text-it.Q4_K_M.drug_zh,0.061607575975358486,2.5620269409846514,2.500419365009293,173,317,69.18839392341573,2dc823205ee28061,305,500,1778372126.2921853
raw_logs/h200/medgemma_drug_zh.jsonl,h200-nvl,llamacpp,medgemma-27b-text-it,Q4_K_M,drug_zh,3,h200-nvl.llamacpp.medgemma-27b-text-it.Q4_K_M.drug_zh,0.060804108856245875,2.5602366239763796,2.4994325151201338,173,317,69.21571154790105,2dc823205ee28061,305,500,1778372128.8677104
raw_logs/h200/medgemma_drug_zh.jsonl,h200-nvl,llamacpp,medgemma-27b-text-it,Q4_K_M,drug_zh,4,h200-nvl.llamacpp.medgemma-27b-text-it.Q4_K_M.drug_zh,0.059676531003788114,2.5588061700109392,2.499129639007151,173,317,69.22409998255596,2dc823205ee28061,305,500,1778372131.4418309
raw_logs/h200/medgemma_icd_zh.jsonl,h200-nvl,llamacpp,medgemma-27b-text-it,Q4_K_M,icd_zh,0,h200-nvl.llamacpp.medgemma-27b-text-it.Q4_K_M.icd_zh,0.0649943589232862,0.782681664917618,0.7176873059943318,50,58,69.66822400561574,509c1cd291130f5e,275,200,1778372133.681234
raw_logs/h200/medgemma_icd_zh.jsonl,h200-nvl,llamacpp,medgemma-27b-text-it,Q4_K_M,icd_zh,1,h200-nvl.llamacpp.medgemma-27b-text-it.Q4_K_M.icd_zh,0.06153489905409515,0.7815292691811919,0.7199943701270968,50,58,69.44498745340712,509c1cd291130f5e,275,200,1778372134.4776497
raw_logs/h200/medgemma_icd_zh.jsonl,h200-nvl,llamacpp,medgemma-27b-text-it,Q4_K_M,icd_zh,2,h200-nvl.llamacpp.medgemma-27b-text-it.Q4_K_M.icd_zh,0.06129790795966983,0.7827651270199567,0.7214672190602869,50,58,69.30321805213153,509c1cd291130f5e,275,200,1778372135.2756286
raw_logs/h200/medgemma_icd_zh.jsonl,h200-nvl,llamacpp,medgemma-27b-text-it,Q4_K_M,icd_zh,3,h200-nvl.llamacpp.medgemma-27b-text-it.Q4_K_M.icd_zh,0.06067492510192096,0.7770534320734441,0.7163785069715232,50,58,69.79550546731792,509c1cd291130f5e,275,200,1778372136.0674977
raw_logs/h200/medgemma_icd_zh.jsonl,h200-nvl,llamacpp,medgemma-27b-text-it,Q4_K_M,icd_zh,4,h200-nvl.llamacpp.medgemma-27b-text-it.Q4_K_M.icd_zh,0.0594723632093519,0.7729902071878314,0.7135178439784795,50,58,70.07533227369161,509c1cd291130f5e,275,200,1778372136.8553207
raw_logs/h200/medgemma_soap_en.jsonl,h200-nvl,llamacpp,medgemma-27b-text-it,Q4_K_M,soap_en,0,h200-nvl.llamacpp.medgemma-27b-text-it.Q4_K_M.soap_en,0.0792876339983195,3.964003053959459,3.8847154199611396,268,1132,68.9883224451692,1fb034cb043c81fb,1474,600,1778372082.1304824
raw_logs/h200/medgemma_soap_en.jsonl,h200-nvl,llamacpp,medgemma-27b-text-it,Q4_K_M,soap_en,1,h200-nvl.llamacpp.medgemma-27b-text-it.Q4_K_M.soap_en,0.08225790783762932,3.9900423649232835,3.907784457085654,268,1132,68.5810599185066,1fb034cb043c81fb,1474,600,1778372086.135551
raw_logs/h200/medgemma_soap_en.jsonl,h200-nvl,llamacpp,medgemma-27b-text-it,Q4_K_M,soap_en,2,h200-nvl.llamacpp.medgemma-27b-text-it.Q4_K_M.soap_en,0.07905803201720119,3.9851319738663733,3.906073941849172,268,1132,68.6110923627642,1fb034cb043c81fb,1474,600,1778372090.136192
raw_logs/h200/medgemma_soap_en.jsonl,h200-nvl,llamacpp,medgemma-27b-text-it,Q4_K_M,soap_en,3,h200-nvl.llamacpp.medgemma-27b-text-it.Q4_K_M.soap_en,0.07817374099977314,3.953055677935481,3.874881936935708,268,1132,69.16339758520148,1fb034cb043c81fb,1474,600,1778372094.1041396
raw_logs/h200/medgemma_soap_en.jsonl,h200-nvl,llamacpp,medgemma-27b-text-it,Q4_K_M,soap_en,4,h200-nvl.llamacpp.medgemma-27b-text-it.Q4_K_M.soap_en,0.07190620992332697,3.953721938887611,3.881815728964284,268,1132,69.03985627146338,1fb034cb043c81fb,1474,600,1778372098.0727232
raw_logs/h200/mistral_small_24b_ddx_en.jsonl,h200-nvl,llamacpp,mistral-small-3.2-24b,Q4_K_M,ddx_en,0,h200-nvl.llamacpp.mistral-small-3.2-24b.Q4_K_M.ddx_en,0.025130446068942547,2.099217663053423,2.0740872169844806,194,911,93.53512157606225,e04ecf66acdccf42,1084,400,1778375804.0526636
raw_logs/h200/mistral_small_24b_ddx_en.jsonl,h200-nvl,llamacpp,mistral-small-3.2-24b,Q4_K_M,ddx_en,1,h200-nvl.llamacpp.mistral-small-3.2-24b.Q4_K_M.ddx_en,0.025186015060171485,2.0979506568983197,2.0727646418381482,194,911,93.5948038113767,e04ecf66acdccf42,1084,400,1778375806.1619496
raw_logs/h200/mistral_small_24b_ddx_en.jsonl,h200-nvl,llamacpp,mistral-small-3.2-24b,Q4_K_M,ddx_en,2,h200-nvl.llamacpp.mistral-small-3.2-24b.Q4_K_M.ddx_en,0.025326745817437768,2.0946584588382393,2.0693317130208015,194,911,93.75007340741888,e04ecf66acdccf42,1084,400,1778375808.2678158
raw_logs/h200/mistral_small_24b_ddx_en.jsonl,h200-nvl,llamacpp,mistral-small-3.2-24b,Q4_K_M,ddx_en,3,h200-nvl.llamacpp.mistral-small-3.2-24b.Q4_K_M.ddx_en,0.02578106289729476,2.10781028191559,2.0820292190182954,194,911,93.17832729142658,e04ecf66acdccf42,1084,400,1778375810.386989
raw_logs/h200/mistral_small_24b_ddx_en.jsonl,h200-nvl,llamacpp,mistral-small-3.2-24b,Q4_K_M,ddx_en,4,h200-nvl.llamacpp.mistral-small-3.2-24b.Q4_K_M.ddx_en,0.02868954394944012,2.1184868649579585,2.0897973210085183,194,911,92.83196894250838,e04ecf66acdccf42,1084,400,1778375812.5168521
raw_logs/h200/mistral_small_24b_drug_zh.jsonl,h200-nvl,llamacpp,mistral-small-3.2-24b,Q4_K_M,drug_zh,0,h200-nvl.llamacpp.mistral-small-3.2-24b.Q4_K_M.drug_zh,0.02410054998472333,1.9309917259961367,1.9068911760114133,166,242,87.05268663900222,df3a8cbf347f602c,305,500,1778375816.800378
raw_logs/h200/mistral_small_24b_drug_zh.jsonl,h200-nvl,llamacpp,mistral-small-3.2-24b,Q4_K_M,drug_zh,1,h200-nvl.llamacpp.mistral-small-3.2-24b.Q4_K_M.drug_zh,0.02443391503766179,1.9285179271828383,1.9040840121451765,166,242,87.1810271716852,df3a8cbf347f602c,305,500,1778375818.7402487
raw_logs/h200/mistral_small_24b_drug_zh.jsonl,h200-nvl,llamacpp,mistral-small-3.2-24b,Q4_K_M,drug_zh,2,h200-nvl.llamacpp.mistral-small-3.2-24b.Q4_K_M.drug_zh,0.023257273016497493,1.9276934838853776,1.9044362108688802,166,242,87.1649042654278,df3a8cbf347f602c,305,500,1778375820.6791072
raw_logs/h200/mistral_small_24b_drug_zh.jsonl,h200-nvl,llamacpp,mistral-small-3.2-24b,Q4_K_M,drug_zh,3,h200-nvl.llamacpp.mistral-small-3.2-24b.Q4_K_M.drug_zh,0.024307185085490346,1.9241293070372194,1.899822121951729,166,242,87.37660125226068,df3a8cbf347f602c,305,500,1778375822.6143892
raw_logs/h200/mistral_small_24b_drug_zh.jsonl,h200-nvl,llamacpp,mistral-small-3.2-24b,Q4_K_M,drug_zh,4,h200-nvl.llamacpp.mistral-small-3.2-24b.Q4_K_M.drug_zh,0.023132548900321126,1.9234356889501214,1.9003031400498003,166,242,87.35448387232036,df3a8cbf347f602c,305,500,1778375824.5489771
raw_logs/h200/mistral_small_24b_icd_zh.jsonl,h200-nvl,llamacpp,mistral-small-3.2-24b,Q4_K_M,icd_zh,0,h200-nvl.llamacpp.mistral-small-3.2-24b.Q4_K_M.icd_zh,0.024949182057753205,0.4733217840548605,0.44837260199710727,39,43,86.98122906325933,d4bd0ca19aba96a9,275,200,1778375825.8223424
raw_logs/h200/mistral_small_24b_icd_zh.jsonl,h200-nvl,llamacpp,mistral-small-3.2-24b,Q4_K_M,icd_zh,1,h200-nvl.llamacpp.mistral-small-3.2-24b.Q4_K_M.icd_zh,0.023327759001404047,0.4717807760462165,0.44845301704481244,39,43,86.96563188937775,d4bd0ca19aba96a9,275,200,1778375826.3052168
raw_logs/h200/mistral_small_24b_icd_zh.jsonl,h200-nvl,llamacpp,mistral-small-3.2-24b,Q4_K_M,icd_zh,2,h200-nvl.llamacpp.mistral-small-3.2-24b.Q4_K_M.icd_zh,0.022929529892280698,0.4709524929057807,0.4480229630135,39,43,87.04910957616438,d4bd0ca19aba96a9,275,200,1778375826.787162
raw_logs/h200/mistral_small_24b_icd_zh.jsonl,h200-nvl,llamacpp,mistral-small-3.2-24b,Q4_K_M,icd_zh,3,h200-nvl.llamacpp.mistral-small-3.2-24b.Q4_K_M.icd_zh,0.02241883985698223,0.47276169480755925,0.450342854950577,39,43,86.60068561380876,d4bd0ca19aba96a9,275,200,1778375827.27296
raw_logs/h200/mistral_small_24b_icd_zh.jsonl,h200-nvl,llamacpp,mistral-small-3.2-24b,Q4_K_M,icd_zh,4,h200-nvl.llamacpp.mistral-small-3.2-24b.Q4_K_M.icd_zh,0.023614899953827262,0.47360169305466115,0.4499867931008339,39,43,86.66921029226918,d4bd0ca19aba96a9,275,200,1778375827.7575345
raw_logs/h200/mistral_small_24b_soap_en.jsonl,h200-nvl,llamacpp,mistral-small-3.2-24b,Q4_K_M,soap_en,0,h200-nvl.llamacpp.mistral-small-3.2-24b.Q4_K_M.soap_en,0.02521382598206401,2.1515857288613915,2.1263719028793275,198,850,93.11635454357139,f1c03e7ee3fa079c,1474,600,1778375790.8564825
raw_logs/h200/mistral_small_24b_soap_en.jsonl,h200-nvl,llamacpp,mistral-small-3.2-24b,Q4_K_M,soap_en,1,h200-nvl.llamacpp.mistral-small-3.2-24b.Q4_K_M.soap_en,0.02926053199917078,2.1521825490053743,2.1229220170062035,198,850,93.26767465496657,f1c03e7ee3fa079c,1474,600,1778375793.0199873
raw_logs/h200/mistral_small_24b_soap_en.jsonl,h200-nvl,llamacpp,mistral-small-3.2-24b,Q4_K_M,soap_en,2,h200-nvl.llamacpp.mistral-small-3.2-24b.Q4_K_M.soap_en,0.025689592817798257,2.1550637728068978,2.1293741799890995,198,850,92.98506662695308,f1c03e7ee3fa079c,1474,600,1778375795.1861372
raw_logs/h200/mistral_small_24b_soap_en.jsonl,h200-nvl,llamacpp,mistral-small-3.2-24b,Q4_K_M,soap_en,3,h200-nvl.llamacpp.mistral-small-3.2-24b.Q4_K_M.soap_en,0.026053055888041854,2.1467051138170063,2.1206520579289645,198,850,93.3675089506986,f1c03e7ee3fa079c,1474,600,1778375797.3439474
raw_logs/h200/mistral_small_24b_soap_en.jsonl,h200-nvl,llamacpp,mistral-small-3.2-24b,Q4_K_M,soap_en,4,h200-nvl.llamacpp.mistral-small-3.2-24b.Q4_K_M.soap_en,0.02619928983040154,2.1552632828243077,2.129063992993906,198,850,92.99861378124707,f1c03e7ee3fa079c,1474,600,1778375799.510441
raw_logs/h200/phi4_full_ddx_en.jsonl,h200-nvl,llamacpp,phi-4,Q4_K_M,ddx_en,0,h200-nvl.llamacpp.phi-4.Q4_K_M.ddx_en,0.012458076002076268,1.6643285369500518,1.6518704609479755,221,937,133.78773046959898,b1f4266d5df12f13,1084,400,1778375645.1622667
raw_logs/h200/phi4_full_ddx_en.jsonl,h200-nvl,llamacpp,phi-4,Q4_K_M,ddx_en,1,h200-nvl.llamacpp.phi-4.Q4_K_M.ddx_en,0.01235267985612154,1.6672416869550943,1.6548890070989728,221,937,133.54369933692044,b1f4266d5df12f13,1084,400,1778375646.8376396
raw_logs/h200/phi4_full_ddx_en.jsonl,h200-nvl,llamacpp,phi-4,Q4_K_M,ddx_en,2,h200-nvl.llamacpp.phi-4.Q4_K_M.ddx_en,0.013900708872824907,1.6710332450456917,1.6571325361728668,221,937,133.36289957253365,b1f4266d5df12f13,1084,400,1778375648.5166178
raw_logs/h200/phi4_full_ddx_en.jsonl,h200-nvl,llamacpp,phi-4,Q4_K_M,ddx_en,3,h200-nvl.llamacpp.phi-4.Q4_K_M.ddx_en,0.012615371961146593,1.6642389348708093,1.6516235629096627,221,937,133.80773014079833,b1f4266d5df12f13,1084,400,1778375650.1885474
raw_logs/h200/phi4_full_ddx_en.jsonl,h200-nvl,llamacpp,phi-4,Q4_K_M,ddx_en,4,h200-nvl.llamacpp.phi-4.Q4_K_M.ddx_en,0.012018244015052915,1.6685076500289142,1.6564894060138613,221,937,133.41467756911854,b1f4266d5df12f13,1084,400,1778375651.865058
raw_logs/h200/phi4_full_drug_zh.jsonl,h200-nvl,llamacpp,phi-4,Q4_K_M,drug_zh,0,h200-nvl.llamacpp.phi-4.Q4_K_M.drug_zh,0.15496203396469355,3.3732229580637068,3.218260924099013,318,451,98.81113045208649,bb0bc61d65666313,305,500,1778375658.613333
raw_logs/h200/phi4_full_drug_zh.jsonl,h200-nvl,llamacpp,phi-4,Q4_K_M,drug_zh,1,h200-nvl.llamacpp.phi-4.Q4_K_M.drug_zh,0.14121424593031406,3.3549040709622204,3.2136898250319064,318,451,98.95167776399914,bb0bc61d65666313,305,500,1778375661.976828
raw_logs/h200/phi4_full_drug_zh.jsonl,h200-nvl,llamacpp,phi-4,Q4_K_M,drug_zh,2,h200-nvl.llamacpp.phi-4.Q4_K_M.drug_zh,0.014597394969314337,3.2356871070805937,3.2210897121112794,318,451,98.72435368823221,bb0bc61d65666313,305,500,1778375665.2206175
raw_logs/h200/phi4_full_drug_zh.jsonl,h200-nvl,llamacpp,phi-4,Q4_K_M,drug_zh,3,h200-nvl.llamacpp.phi-4.Q4_K_M.drug_zh,0.015338925179094076,3.2221651731524616,3.2068262479733676,318,451,99.16346425097646,bb0bc61d65666313,305,500,1778375668.4510138
raw_logs/h200/phi4_full_drug_zh.jsonl,h200-nvl,llamacpp,phi-4,Q4_K_M,drug_zh,4,h200-nvl.llamacpp.phi-4.Q4_K_M.drug_zh,0.01511462009511888,3.220581436995417,3.205466816900298,318,451,99.20551924711782,bb0bc61d65666313,305,500,1778375671.679694
raw_logs/h200/phi4_full_icd_zh.jsonl,h200-nvl,llamacpp,phi-4,Q4_K_M,icd_zh,0,h200-nvl.llamacpp.phi-4.Q4_K_M.icd_zh,0.012453918112441897,0.8035324201919138,0.791078502079472,73,93,92.27908457644625,4297b841567f5814,275,200,1778375673.6042626
raw_logs/h200/phi4_full_icd_zh.jsonl,h200-nvl,llamacpp,phi-4,Q4_K_M,icd_zh,1,h200-nvl.llamacpp.phi-4.Q4_K_M.icd_zh,0.01146093592979014,0.7958512341137975,0.7843902981840074,73,93,93.06591395763947,4297b841567f5814,275,200,1778375674.4080272
raw_logs/h200/phi4_full_icd_zh.jsonl,h200-nvl,llamacpp,phi-4,Q4_K_M,icd_zh,2,h200-nvl.llamacpp.phi-4.Q4_K_M.icd_zh,0.011275508906692266,0.801723666023463,0.7904481571167707,73,93,92.35267277524427,4297b841567f5814,275,200,1778375675.2177007
raw_logs/h200/phi4_full_icd_zh.jsonl,h200-nvl,llamacpp,phi-4,Q4_K_M,icd_zh,3,h200-nvl.llamacpp.phi-4.Q4_K_M.icd_zh,0.011996283195912838,0.8055166502017528,0.7935203670058399,73,93,91.99511825442882,4297b841567f5814,275,200,1778375676.0313387
raw_logs/h200/phi4_full_icd_zh.jsonl,h200-nvl,llamacpp,phi-4,Q4_K_M,icd_zh,4,h200-nvl.llamacpp.phi-4.Q4_K_M.icd_zh,0.0113867181353271,0.8055471221450716,0.7941604040097445,73,93,91.92097670876106,4297b841567f5814,275,200,1778375676.8448489
raw_logs/h200/phi4_full_soap_en.jsonl,h200-nvl,llamacpp,phi-4,Q4_K_M,soap_en,0,h200-nvl.llamacpp.phi-4.Q4_K_M.soap_en,0.01480237185023725,2.4255780859384686,2.4107757140882313,323,1383,133.98177114214062,95bb2ecea396864a,1474,600,1778375631.5803797
raw_logs/h200/phi4_full_soap_en.jsonl,h200-nvl,llamacpp,phi-4,Q4_K_M,soap_en,1,h200-nvl.llamacpp.phi-4.Q4_K_M.soap_en,0.01669472292996943,2.453279651934281,2.4365849290043116,323,1383,132.56258632937988,95bb2ecea396864a,1474,600,1778375634.0415626
raw_logs/h200/phi4_full_soap_en.jsonl,h200-nvl,llamacpp,phi-4,Q4_K_M,soap_en,2,h200-nvl.llamacpp.phi-4.Q4_K_M.soap_en,0.01665253401733935,2.4488429620396346,2.4321904280222952,323,1383,132.80210146318328,95bb2ecea396864a,1474,600,1778375636.4985383
raw_logs/h200/phi4_full_soap_en.jsonl,h200-nvl,llamacpp,phi-4,Q4_K_M,soap_en,3,h200-nvl.llamacpp.phi-4.Q4_K_M.soap_en,0.015210622921586037,2.4458995638415217,2.4306889409199357,323,1383,132.88413608273345,95bb2ecea396864a,1474,600,1778375638.9524407
raw_logs/h200/phi4_full_soap_en.jsonl,h200-nvl,llamacpp,phi-4,Q4_K_M,soap_en,4,h200-nvl.llamacpp.phi-4.Q4_K_M.soap_en,0.014466603053733706,2.4359614450950176,2.421494842041284,323,1383,133.3886797494542,95bb2ecea396864a,1474,600,1778375641.3965774
raw_logs/h200/qwen36_ddx_en.jsonl,h200-nvl,llamacpp,qwen3.6-35b-a3b,Q4_K_M,ddx_en,0,h200-nvl.llamacpp.qwen3.6-35b-a3b.Q4_K_M.ddx_en,0.10547903389669955,1.4431330128572881,1.3376539789605886,215,944,160.729159694246,393bce16cbd04b02,1084,400,1778371864.4366345
raw_logs/h200/qwen36_ddx_en.jsonl,h200-nvl,llamacpp,qwen3.6-35b-a3b,Q4_K_M,ddx_en,1,h200-nvl.llamacpp.qwen3.6-35b-a3b.Q4_K_M.ddx_en,0.10478409822098911,1.4512499740812927,1.3464658758603036,215,944,159.6772735607793,393bce16cbd04b02,1084,400,1778371865.8943243
raw_logs/h200/qwen36_ddx_en.jsonl,h200-nvl,llamacpp,qwen3.6-35b-a3b,Q4_K_M,ddx_en,2,h200-nvl.llamacpp.qwen3.6-35b-a3b.Q4_K_M.ddx_en,0.10442966083064675,1.4496935559436679,1.3452638951130211,215,944,159.81994371590338,393bce16cbd04b02,1084,400,1778371867.350481
raw_logs/h200/qwen36_ddx_en.jsonl,h200-nvl,llamacpp,qwen3.6-35b-a3b,Q4_K_M,ddx_en,3,h200-nvl.llamacpp.qwen3.6-35b-a3b.Q4_K_M.ddx_en,0.10300988098606467,1.4474125339183956,1.344402652932331,215,944,159.92232649277716,393bce16cbd04b02,1084,400,1778371868.8043344
raw_logs/h200/qwen36_ddx_en.jsonl,h200-nvl,llamacpp,qwen3.6-35b-a3b,Q4_K_M,ddx_en,4,h200-nvl.llamacpp.qwen3.6-35b-a3b.Q4_K_M.ddx_en,0.10303974687121809,1.4468339348677546,1.3437941879965365,215,944,159.99473871854113,393bce16cbd04b02,1084,400,1778371870.257703
raw_logs/h200/qwen36_drug_zh.jsonl,h200-nvl,llamacpp,qwen3.6-35b-a3b,Q4_K_M,drug_zh,0,h200-nvl.llamacpp.qwen3.6-35b-a3b.Q4_K_M.drug_zh,0.09231745102442801,1.672304444015026,1.579986992990598,251,426,158.86206729139423,22348782d9a1944c,305,500,1778371873.845401
raw_logs/h200/qwen36_drug_zh.jsonl,h200-nvl,llamacpp,qwen3.6-35b-a3b,Q4_K_M,drug_zh,1,h200-nvl.llamacpp.qwen3.6-35b-a3b.Q4_K_M.drug_zh,0.09378909016959369,1.686482842080295,1.5926937519107014,251,426,157.59464096527265,22348782d9a1944c,305,500,1778371875.5383136
raw_logs/h200/qwen36_drug_zh.jsonl,h200-nvl,llamacpp,qwen3.6-35b-a3b,Q4_K_M,drug_zh,2,h200-nvl.llamacpp.qwen3.6-35b-a3b.Q4_K_M.drug_zh,0.09207531483843923,1.6787980820517987,1.5867227672133595,251,426,158.1876841918719,22348782d9a1944c,305,500,1778371877.2232976
raw_logs/h200/qwen36_drug_zh.jsonl,h200-nvl,llamacpp,qwen3.6-35b-a3b,Q4_K_M,drug_zh,3,h200-nvl.llamacpp.qwen3.6-35b-a3b.Q4_K_M.drug_zh,0.09247809089720249,1.700154019985348,1.6076759290881455,251,426,156.12599247061203,22348782d9a1944c,305,500,1778371878.9298298
raw_logs/h200/qwen36_drug_zh.jsonl,h200-nvl,llamacpp,qwen3.6-35b-a3b,Q4_K_M,drug_zh,4,h200-nvl.llamacpp.qwen3.6-35b-a3b.Q4_K_M.drug_zh,0.09243901702575386,1.6791191280353814,1.5866801110096276,251,426,158.19193689916807,22348782d9a1944c,305,500,1778371880.6159568
raw_logs/h200/qwen36_icd_zh.jsonl,h200-nvl,llamacpp,qwen3.6-35b-a3b,Q4_K_M,icd_zh,0,h200-nvl.llamacpp.qwen3.6-35b-a3b.Q4_K_M.icd_zh,0.09103819495067,0.5681793780531734,0.4771411831025034,73,83,152.99454875249688,12f0e8e4caa832c3,275,200,1778371881.991248
raw_logs/h200/qwen36_icd_zh.jsonl,h200-nvl,llamacpp,qwen3.6-35b-a3b,Q4_K_M,icd_zh,1,h200-nvl.llamacpp.qwen3.6-35b-a3b.Q4_K_M.icd_zh,0.0912903908174485,0.5678116290364414,0.47652123821899295,73,83,153.1935916913984,12f0e8e4caa832c3,275,200,1778371882.5659697
raw_logs/h200/qwen36_icd_zh.jsonl,h200-nvl,llamacpp,qwen3.6-35b-a3b,Q4_K_M,icd_zh,2,h200-nvl.llamacpp.qwen3.6-35b-a3b.Q4_K_M.icd_zh,0.09096591104753315,0.5669451339635998,0.47597922291606665,73,83,153.3680389508781,12f0e8e4caa832c3,275,200,1778371883.1394227
raw_logs/h200/qwen36_icd_zh.jsonl,h200-nvl,llamacpp,qwen3.6-35b-a3b,Q4_K_M,icd_zh,3,h200-nvl.llamacpp.qwen3.6-35b-a3b.Q4_K_M.icd_zh,0.09157935483381152,0.5703272898681462,0.47874793503433466,73,83,152.48107544268493,12f0e8e4caa832c3,275,200,1778371883.7162664
raw_logs/h200/qwen36_icd_zh.jsonl,h200-nvl,llamacpp,qwen3.6-35b-a3b,Q4_K_M,icd_zh,4,h200-nvl.llamacpp.qwen3.6-35b-a3b.Q4_K_M.icd_zh,0.09254701714962721,0.570753653999418,0.4782066368497908,73,83,152.6536739031708,12f0e8e4caa832c3,275,200,1778371884.2935252
raw_logs/h200/qwen36_soap_en.jsonl,h200-nvl,llamacpp,qwen3.6-35b-a3b,Q4_K_M,soap_en,0,h200-nvl.llamacpp.qwen3.6-35b-a3b.Q4_K_M.soap_en,0.11407718900591135,2.0784434899687767,1.9643663009628654,313,1384,159.33891751583099,52f8b489b1e790d0,1474,600,1778371852.9432845
raw_logs/h200/qwen36_soap_en.jsonl,h200-nvl,llamacpp,qwen3.6-35b-a3b,Q4_K_M,soap_en,1,h200-nvl.llamacpp.qwen3.6-35b-a3b.Q4_K_M.soap_en,0.11274030921049416,2.077308289008215,1.964567979797721,313,1384,159.3225600837837,52f8b489b1e790d0,1474,600,1778371855.027203
raw_logs/h200/qwen36_soap_en.jsonl,h200-nvl,llamacpp,qwen3.6-35b-a3b,Q4_K_M,soap_en,2,h200-nvl.llamacpp.qwen3.6-35b-a3b.Q4_K_M.soap_en,0.11292392201721668,2.079168471042067,1.9662445490248501,313,1384,159.18670958565704,52f8b489b1e790d0,1474,600,1778371857.1131995
raw_logs/h200/qwen36_soap_en.jsonl,h200-nvl,llamacpp,qwen3.6-35b-a3b,Q4_K_M,soap_en,3,h200-nvl.llamacpp.qwen3.6-35b-a3b.Q4_K_M.soap_en,0.11262932908721268,2.084765837993473,1.9721365089062601,313,1384,158.71112298082687,52f8b489b1e790d0,1474,600,1778371859.204351
raw_logs/h200/qwen36_soap_en.jsonl,h200-nvl,llamacpp,qwen3.6-35b-a3b,Q4_K_M,soap_en,4,h200-nvl.llamacpp.qwen3.6-35b-a3b.Q4_K_M.soap_en,0.11599366692826152,2.071436827071011,1.9554431601427495,313,1384,160.06601796451636,52f8b489b1e790d0,1474,600,1778371861.2822864
raw_logs/h200/qwen3next_80b_ddx_en.jsonl,h200-nvl,llamacpp,qwen3-next-80b-a3b,Q4_K_M,ddx_en,0,h200-nvl.llamacpp.qwen3-next-80b-a3b.Q4_K_M.ddx_en,0.04061080701649189,1.6452168519608676,1.6046060449443758,227,1072,141.4677457530512,4765969d0243144f,1084,400,1778377298.7255042
raw_logs/h200/qwen3next_80b_ddx_en.jsonl,h200-nvl,llamacpp,qwen3-next-80b-a3b,Q4_K_M,ddx_en,1,h200-nvl.llamacpp.qwen3-next-80b-a3b.Q4_K_M.ddx_en,0.04181858594529331,1.6566734961234033,1.61485491017811,227,1072,140.56990418722083,4765969d0243144f,1084,400,1778377300.3896687
raw_logs/h200/qwen3next_80b_ddx_en.jsonl,h200-nvl,llamacpp,qwen3-next-80b-a3b,Q4_K_M,ddx_en,2,h200-nvl.llamacpp.qwen3-next-80b-a3b.Q4_K_M.ddx_en,0.04111886001192033,1.650383218191564,1.6092643581796438,227,1072,141.0582412057993,4765969d0243144f,1084,400,1778377302.047664
raw_logs/h200/qwen3next_80b_ddx_en.jsonl,h200-nvl,llamacpp,qwen3-next-80b-a3b,Q4_K_M,ddx_en,3,h200-nvl.llamacpp.qwen3-next-80b-a3b.Q4_K_M.ddx_en,0.039744805078953505,1.6518171839416027,1.6120723788626492,227,1072,140.81253607245182,4765969d0243144f,1084,400,1778377303.7070138
raw_logs/h200/qwen3next_80b_ddx_en.jsonl,h200-nvl,llamacpp,qwen3-next-80b-a3b,Q4_K_M,ddx_en,4,h200-nvl.llamacpp.qwen3-next-80b-a3b.Q4_K_M.ddx_en,0.04053684393875301,1.6752934879623353,1.6347566440235823,227,1072,138.85858842040918,4765969d0243144f,1084,400,1778377305.3907301
raw_logs/h200/qwen3next_80b_drug_zh.jsonl,h200-nvl,llamacpp,qwen3-next-80b-a3b,Q4_K_M,drug_zh,0,h200-nvl.llamacpp.qwen3-next-80b-a3b.Q4_K_M.drug_zh,0.04405660112388432,1.608589684125036,1.5645330830011517,193,311,123.35948795009145,a9c7223c90662156,305,500,1778377309.2181702
raw_logs/h200/qwen3next_80b_drug_zh.jsonl,h200-nvl,llamacpp,qwen3-next-80b-a3b,Q4_K_M,drug_zh,1,h200-nvl.llamacpp.qwen3-next-80b-a3b.Q4_K_M.drug_zh,0.04615000612102449,1.501863966928795,1.4557139608077705,193,311,132.58099131844898,a9c7223c90662156,305,500,1778377310.7275188
raw_logs/h200/qwen3next_80b_drug_zh.jsonl,h200-nvl,llamacpp,qwen3-next-80b-a3b,Q4_K_M,drug_zh,2,h200-nvl.llamacpp.qwen3-next-80b-a3b.Q4_K_M.drug_zh,0.042932925978675485,1.4928772139828652,1.4499442880041897,193,311,133.10856258184887,a9c7223c90662156,305,500,1778377312.22779
raw_logs/h200/qwen3next_80b_drug_zh.jsonl,h200-nvl,llamacpp,qwen3-next-80b-a3b,Q4_K_M,drug_zh,3,h200-nvl.llamacpp.qwen3-next-80b-a3b.Q4_K_M.drug_zh,0.042722243117168546,1.5005601891316473,1.4578379460144788,193,311,132.38782851525747,a9c7223c90662156,305,500,1778377313.7356954
raw_logs/h200/qwen3next_80b_drug_zh.jsonl,h200-nvl,llamacpp,qwen3-next-80b-a3b,Q4_K_M,drug_zh,4,h200-nvl.llamacpp.qwen3-next-80b-a3b.Q4_K_M.drug_zh,0.042267835000529885,1.4930797470733523,1.4508119120728225,193,311,133.02896012499275,a9c7223c90662156,305,500,1778377315.236164
raw_logs/h200/qwen3next_80b_icd_zh.jsonl,h200-nvl,llamacpp,qwen3-next-80b-a3b,Q4_K_M,icd_zh,0,h200-nvl.llamacpp.qwen3-next-80b-a3b.Q4_K_M.icd_zh,0.042860624846071005,0.6512471789028496,0.6083865540567786,81,88,133.13903711363182,f395112b5f42a38b,275,200,1778377317.1341214
raw_logs/h200/qwen3next_80b_icd_zh.jsonl,h200-nvl,llamacpp,qwen3-next-80b-a3b,Q4_K_M,icd_zh,1,h200-nvl.llamacpp.qwen3-next-80b-a3b.Q4_K_M.icd_zh,0.04144597705453634,0.6512015680782497,0.6097555910237134,81,88,132.84011035308393,f395112b5f42a38b,275,200,1778377317.7926106
raw_logs/h200/qwen3next_80b_icd_zh.jsonl,h200-nvl,llamacpp,qwen3-next-80b-a3b,Q4_K_M,icd_zh,2,h200-nvl.llamacpp.qwen3-next-80b-a3b.Q4_K_M.icd_zh,0.03683122294023633,0.6476912829093635,0.6108600599691272,81,88,132.59992804914063,f395112b5f42a38b,275,200,1778377318.4478946
raw_logs/h200/qwen3next_80b_icd_zh.jsonl,h200-nvl,llamacpp,qwen3-next-80b-a3b,Q4_K_M,icd_zh,3,h200-nvl.llamacpp.qwen3-next-80b-a3b.Q4_K_M.icd_zh,0.038939933059737086,0.6494262169580907,0.6104862838983536,81,88,132.68111362430963,f395112b5f42a38b,275,200,1778377319.1045845
raw_logs/h200/qwen3next_80b_icd_zh.jsonl,h200-nvl,llamacpp,qwen3-next-80b-a3b,Q4_K_M,icd_zh,4,h200-nvl.llamacpp.qwen3-next-80b-a3b.Q4_K_M.icd_zh,0.037328837206587195,0.6479099742136896,0.6105811370071024,81,88,132.66050175909348,f395112b5f42a38b,275,200,1778377319.7598374
raw_logs/h200/qwen3next_80b_soap_en.jsonl,h200-nvl,llamacpp,qwen3-next-80b-a3b,Q4_K_M,soap_en,0,h200-nvl.llamacpp.qwen3-next-80b-a3b.Q4_K_M.soap_en,0.046050594886764884,1.7074506708886474,1.6614000760018826,234,943,140.84506397948115,6eacbf4672d91bdd,1474,600,1778377287.9651673
raw_logs/h200/qwen3next_80b_soap_en.jsonl,h200-nvl,llamacpp,qwen3-next-80b-a3b,Q4_K_M,soap_en,1,h200-nvl.llamacpp.qwen3-next-80b-a3b.Q4_K_M.soap_en,0.04192234599031508,1.7020147698931396,1.6600924239028245,234,943,140.95600740702943,6eacbf4672d91bdd,1474,600,1778377289.6745152
raw_logs/h200/qwen3next_80b_soap_en.jsonl,h200-nvl,llamacpp,qwen3-next-80b-a3b,Q4_K_M,soap_en,2,h200-nvl.llamacpp.qwen3-next-80b-a3b.Q4_K_M.soap_en,0.0398639808408916,1.7016042838804424,1.6617403030395508,234,943,140.81622716376435,6eacbf4672d91bdd,1474,600,1778377291.3834624
raw_logs/h200/qwen3next_80b_soap_en.jsonl,h200-nvl,llamacpp,qwen3-next-80b-a3b,Q4_K_M,soap_en,3,h200-nvl.llamacpp.qwen3-next-80b-a3b.Q4_K_M.soap_en,0.03861643304117024,1.7003776510246098,1.6617612179834396,234,943,140.8144548492718,6eacbf4672d91bdd,1474,600,1778377293.091139
raw_logs/h200/qwen3next_80b_soap_en.jsonl,h200-nvl,llamacpp,qwen3-next-80b-a3b,Q4_K_M,soap_en,4,h200-nvl.llamacpp.qwen3-next-80b-a3b.Q4_K_M.soap_en,0.03738674893975258,1.6963844608981162,1.6589977119583637,234,943,141.0490191235856,6eacbf4672d91bdd,1474,600,1778377294.7949514
raw_logs/mac/gemma4_26b_ddx_en.jsonl,macmini-m4-32gb,rapidmlx,mlx-community/gemma-4-26b-a4b-it-4bit,4bit-mlx,ddx_en,0,macmini-m4-32gb.rapidmlx.gemma-4-26b-a4b-it-4bit.4bit-mlx.ddx_en,0.32585470800404437,9.32432870802586,8.998474000021815,204,937,22.670510577627432,d5b311f415e8af85,1084,400,1778374735.578341
raw_logs/mac/gemma4_26b_ddx_en.jsonl,macmini-m4-32gb,rapidmlx,mlx-community/gemma-4-26b-a4b-it-4bit,4bit-mlx,ddx_en,1,macmini-m4-32gb.rapidmlx.gemma-4-26b-a4b-it-4bit.4bit-mlx.ddx_en,0.2657466249947902,9.303020999999717,9.037274375004927,204,937,22.573177656774284,d5b311f415e8af85,1084,400,1778374744.9538538
raw_logs/mac/gemma4_26b_ddx_en.jsonl,macmini-m4-32gb,rapidmlx,mlx-community/gemma-4-26b-a4b-it-4bit,4bit-mlx,ddx_en,2,macmini-m4-32gb.rapidmlx.gemma-4-26b-a4b-it-4bit.4bit-mlx.ddx_en,0.3366222500044387,9.642521208006656,9.305898958002217,204,937,21.921579088775594,d5b311f415e8af85,1084,400,1778374754.728131
raw_logs/mac/gemma4_26b_ddx_en.jsonl,macmini-m4-32gb,rapidmlx,mlx-community/gemma-4-26b-a4b-it-4bit,4bit-mlx,ddx_en,3,macmini-m4-32gb.rapidmlx.gemma-4-26b-a4b-it-4bit.4bit-mlx.ddx_en,0.2295503329951316,9.035425374982879,8.805875041987747,204,937,23.166351898851286,d5b311f415e8af85,1084,400,1778374763.830594
raw_logs/mac/gemma4_26b_ddx_en.jsonl,macmini-m4-32gb,rapidmlx,mlx-community/gemma-4-26b-a4b-it-4bit,4bit-mlx,ddx_en,4,macmini-m4-32gb.rapidmlx.gemma-4-26b-a4b-it-4bit.4bit-mlx.ddx_en,0.23390862499945797,9.275006374984514,9.041097749985056,204,937,22.563631722744862,d5b311f415e8af85,1084,400,1778374773.1684082
raw_logs/mac/gemma4_26b_drug_zh.jsonl,macmini-m4-32gb,rapidmlx,mlx-community/gemma-4-26b-a4b-it-4bit,4bit-mlx,drug_zh,0,macmini-m4-32gb.rapidmlx.gemma-4-26b-a4b-it-4bit.4bit-mlx.drug_zh,0.27228845900390297,7.38213620899478,7.109847749990877,151,276,21.23814817275008,642338e8afd428e1,305,500,1778374789.555608
raw_logs/mac/gemma4_26b_drug_zh.jsonl,macmini-m4-32gb,rapidmlx,mlx-community/gemma-4-26b-a4b-it-4bit,4bit-mlx,drug_zh,1,macmini-m4-32gb.rapidmlx.gemma-4-26b-a4b-it-4bit.4bit-mlx.drug_zh,0.2953393330099061,7.082802958000684,6.787463624990778,151,276,22.246896387633335,642338e8afd428e1,305,500,1778374796.715153
raw_logs/mac/gemma4_26b_drug_zh.jsonl,macmini-m4-32gb,rapidmlx,mlx-community/gemma-4-26b-a4b-it-4bit,4bit-mlx,drug_zh,2,macmini-m4-32gb.rapidmlx.gemma-4-26b-a4b-it-4bit.4bit-mlx.drug_zh,0.25325508299283683,6.846874375012703,6.593619292019866,151,276,22.900927898999637,642338e8afd428e1,305,500,1778374803.633376
raw_logs/mac/gemma4_26b_drug_zh.jsonl,macmini-m4-32gb,rapidmlx,mlx-community/gemma-4-26b-a4b-it-4bit,4bit-mlx,drug_zh,3,macmini-m4-32gb.rapidmlx.gemma-4-26b-a4b-it-4bit.4bit-mlx.drug_zh,0.24284562497632578,6.991287999990163,6.748442375013838,151,276,22.375533731914008,642338e8afd428e1,305,500,1778374810.682576
raw_logs/mac/gemma4_26b_drug_zh.jsonl,macmini-m4-32gb,rapidmlx,mlx-community/gemma-4-26b-a4b-it-4bit,4bit-mlx,drug_zh,4,macmini-m4-32gb.rapidmlx.gemma-4-26b-a4b-it-4bit.4bit-mlx.drug_zh,0.22445954199065454,7.014762667007744,6.79030312501709,151,276,22.237593406350317,642338e8afd428e1,305,500,1778374817.762958
raw_logs/mac/gemma4_26b_icd_zh.jsonl,macmini-m4-32gb,rapidmlx,mlx-community/gemma-4-26b-a4b-it-4bit,4bit-mlx,icd_zh,0,macmini-m4-32gb.rapidmlx.gemma-4-26b-a4b-it-4bit.4bit-mlx.icd_zh,0.3085468749923166,3.1185385409917217,2.809991665999405,69,81,24.55523296915522,d00d1ff05adfd61b,275,200,1778374826.133209
raw_logs/mac/gemma4_26b_icd_zh.jsonl,macmini-m4-32gb,rapidmlx,mlx-community/gemma-4-26b-a4b-it-4bit,4bit-mlx,icd_zh,1,macmini-m4-32gb.rapidmlx.gemma-4-26b-a4b-it-4bit.4bit-mlx.icd_zh,0.28365362499607727,3.2791751670010854,2.995521542005008,69,81,23.034386176978007,d00d1ff05adfd61b,275,200,1778374829.475359
raw_logs/mac/gemma4_26b_icd_zh.jsonl,macmini-m4-32gb,rapidmlx,mlx-community/gemma-4-26b-a4b-it-4bit,4bit-mlx,icd_zh,2,macmini-m4-32gb.rapidmlx.gemma-4-26b-a4b-it-4bit.4bit-mlx.icd_zh,0.22426424999139272,3.1957021249982063,2.9714378750068136,69,81,23.22108114067227,d00d1ff05adfd61b,275,200,1778374832.726604
raw_logs/mac/gemma4_26b_icd_zh.jsonl,macmini-m4-32gb,rapidmlx,mlx-community/gemma-4-26b-a4b-it-4bit,4bit-mlx,icd_zh,3,macmini-m4-32gb.rapidmlx.gemma-4-26b-a4b-it-4bit.4bit-mlx.icd_zh,0.22290879199863411,3.276752082980238,3.053843290981604,69,81,22.594479619751926,d00d1ff05adfd61b,275,200,1778374836.079797
raw_logs/mac/gemma4_26b_icd_zh.jsonl,macmini-m4-32gb,rapidmlx,mlx-community/gemma-4-26b-a4b-it-4bit,4bit-mlx,icd_zh,4,macmini-m4-32gb.rapidmlx.gemma-4-26b-a4b-it-4bit.4bit-mlx.icd_zh,0.24126041698036715,3.1954749999858905,2.9542145830055233,69,81,23.3564617807152,d00d1ff05adfd61b,275,200,1778374839.3606908
raw_logs/mac/gemma4_26b_soap_en.jsonl,macmini-m4-32gb,rapidmlx,mlx-community/gemma-4-26b-a4b-it-4bit,4bit-mlx,soap_en,0,macmini-m4-32gb.rapidmlx.gemma-4-26b-a4b-it-4bit.4bit-mlx.soap_en,0.22046579199377447,9.979629209003178,9.759163417009404,222,912,22.74785148213346,ea5beea0b96eb0c0,1474,600,1778374675.325361
raw_logs/mac/gemma4_26b_soap_en.jsonl,macmini-m4-32gb,rapidmlx,mlx-community/gemma-4-26b-a4b-it-4bit,4bit-mlx,soap_en,1,macmini-m4-32gb.rapidmlx.gemma-4-26b-a4b-it-4bit.4bit-mlx.soap_en,0.18983758401009254,9.97083770899917,9.781000124989077,222,912,22.697065449659004,ea5beea0b96eb0c0,1474,600,1778374685.3604338
raw_logs/mac/gemma4_26b_soap_en.jsonl,macmini-m4-32gb,rapidmlx,mlx-community/gemma-4-26b-a4b-it-4bit,4bit-mlx,soap_en,2,macmini-m4-32gb.rapidmlx.gemma-4-26b-a4b-it-4bit.4bit-mlx.soap_en,0.19280049999360926,10.070163416006835,9.877362916013226,222,912,22.475634629167324,ea5beea0b96eb0c0,1474,600,1778374695.490649
raw_logs/mac/gemma4_26b_soap_en.jsonl,macmini-m4-32gb,rapidmlx,mlx-community/gemma-4-26b-a4b-it-4bit,4bit-mlx,soap_en,3,macmini-m4-32gb.rapidmlx.gemma-4-26b-a4b-it-4bit.4bit-mlx.soap_en,0.19757816698984243,9.858040666993475,9.660462500003632,222,912,22.980266213953684,ea5beea0b96eb0c0,1474,600,1778374705.4083352
raw_logs/mac/gemma4_26b_soap_en.jsonl,macmini-m4-32gb,rapidmlx,mlx-community/gemma-4-26b-a4b-it-4bit,4bit-mlx,soap_en,4,macmini-m4-32gb.rapidmlx.gemma-4-26b-a4b-it-4bit.4bit-mlx.soap_en,0.1839439999894239,9.99897608300671,9.815032083017286,222,912,22.61836722715571,ea5beea0b96eb0c0,1474,600,1778374715.4613912
raw_logs/mac/mistral_small_24b_ddx_en.jsonl,macmini-m4-32gb,rapidmlx,mlx-community/Mistral-Small-3.2-24B-Instruct-2506-4bit,4bit-mlx,ddx_en,0,macmini-m4-32gb.rapidmlx.Mistral-Small-3.2-24B-Instruct-2506-4bit.4bit-mlx.ddx_en,0.43716812500497326,38.69478254101705,38.257614416012075,204,886,5.332271839579712,65bd090eed21848b,1084,400,1778377190.072899
raw_logs/mac/mistral_small_24b_ddx_en.jsonl,macmini-m4-32gb,rapidmlx,mlx-community/Mistral-Small-3.2-24B-Instruct-2506-4bit,4bit-mlx,ddx_en,1,macmini-m4-32gb.rapidmlx.Mistral-Small-3.2-24B-Instruct-2506-4bit.4bit-mlx.ddx_en,0.440660166030284,38.20578183303587,37.76512166700559,204,886,5.401809685634603,65bd090eed21848b,1084,400,1778377228.48719
raw_logs/mac/mistral_small_24b_ddx_en.jsonl,macmini-m4-32gb,rapidmlx,mlx-community/Mistral-Small-3.2-24B-Instruct-2506-4bit,4bit-mlx,ddx_en,2,macmini-m4-32gb.rapidmlx.Mistral-Small-3.2-24B-Instruct-2506-4bit.4bit-mlx.ddx_en,0.4201089160051197,38.561686583037954,38.141577667032834,204,886,5.348494018282959,65bd090eed21848b,1084,400,1778377267.284757
raw_logs/mac/mistral_small_24b_ddx_en.jsonl,macmini-m4-32gb,rapidmlx,mlx-community/Mistral-Small-3.2-24B-Instruct-2506-4bit,4bit-mlx,ddx_en,3,macmini-m4-32gb.rapidmlx.Mistral-Small-3.2-24B-Instruct-2506-4bit.4bit-mlx.ddx_en,0.4577696669730358,38.98524037498282,38.52747070800979,204,886,5.2949232392145795,65bd090eed21848b,1084,400,1778377306.474059
raw_logs/mac/mistral_small_24b_ddx_en.jsonl,macmini-m4-32gb,rapidmlx,mlx-community/Mistral-Small-3.2-24B-Instruct-2506-4bit,4bit-mlx,ddx_en,4,macmini-m4-32gb.rapidmlx.Mistral-Small-3.2-24B-Instruct-2506-4bit.4bit-mlx.ddx_en,0.4755124590010382,38.67806466697948,38.20255220797844,204,886,5.339957364351052,65bd090eed21848b,1084,400,1778377345.4568949
raw_logs/mac/mistral_small_24b_drug_zh.jsonl,macmini-m4-32gb,rapidmlx,mlx-community/Mistral-Small-3.2-24B-Instruct-2506-4bit,4bit-mlx,drug_zh,0,macmini-m4-32gb.rapidmlx.Mistral-Small-3.2-24B-Instruct-2506-4bit.4bit-mlx.drug_zh,0.6310533749638125,40.63744941697223,40.00639604200842,194,271,4.8492246038931315,86f22702e21ab8bb,305,500,1778377433.0606022
raw_logs/mac/mistral_small_24b_drug_zh.jsonl,macmini-m4-32gb,rapidmlx,mlx-community/Mistral-Small-3.2-24B-Instruct-2506-4bit,4bit-mlx,drug_zh,1,macmini-m4-32gb.rapidmlx.Mistral-Small-3.2-24B-Instruct-2506-4bit.4bit-mlx.drug_zh,0.44362054200610146,39.248222167021595,38.80460162501549,194,271,4.999407077405412,86f22702e21ab8bb,305,500,1778377472.5465758
raw_logs/mac/mistral_small_24b_drug_zh.jsonl,macmini-m4-32gb,rapidmlx,mlx-community/Mistral-Small-3.2-24B-Instruct-2506-4bit,4bit-mlx,drug_zh,2,macmini-m4-32gb.rapidmlx.Mistral-Small-3.2-24B-Instruct-2506-4bit.4bit-mlx.drug_zh,0.525026458024513,38.96469049999723,38.43966404197272,194,271,5.046870331337161,86f22702e21ab8bb,305,500,1778377511.785732
raw_logs/mac/mistral_small_24b_drug_zh.jsonl,macmini-m4-32gb,rapidmlx,mlx-community/Mistral-Small-3.2-24B-Instruct-2506-4bit,4bit-mlx,drug_zh,3,macmini-m4-32gb.rapidmlx.Mistral-Small-3.2-24B-Instruct-2506-4bit.4bit-mlx.drug_zh,0.5475547089590691,39.905107375001535,39.357552666042466,194,271,4.929168275429443,86f22702e21ab8bb,305,500,1778377551.915054
raw_logs/mac/mistral_small_24b_drug_zh.jsonl,macmini-m4-32gb,rapidmlx,mlx-community/Mistral-Small-3.2-24B-Instruct-2506-4bit,4bit-mlx,drug_zh,4,macmini-m4-32gb.rapidmlx.Mistral-Small-3.2-24B-Instruct-2506-4bit.4bit-mlx.drug_zh,0.8429192919866182,40.539558958029374,39.696639666042756,194,271,4.887063530617963,86f22702e21ab8bb,305,500,1778377592.70507
raw_logs/mac/mistral_small_24b_icd_zh.jsonl,macmini-m4-32gb,rapidmlx,mlx-community/Mistral-Small-3.2-24B-Instruct-2506-4bit,4bit-mlx,icd_zh,0,macmini-m4-32gb.rapidmlx.Mistral-Small-3.2-24B-Instruct-2506-4bit.4bit-mlx.icd_zh,0.43893820903031155,9.573173334007151,9.13423512497684,46,53,5.035999114388534,107ee904bec67ff2,275,200,1778377623.30824
raw_logs/mac/mistral_small_24b_icd_zh.jsonl,macmini-m4-32gb,rapidmlx,mlx-community/Mistral-Small-3.2-24B-Instruct-2506-4bit,4bit-mlx,icd_zh,1,macmini-m4-32gb.rapidmlx.Mistral-Small-3.2-24B-Instruct-2506-4bit.4bit-mlx.icd_zh,0.4284954579779878,9.151333957968745,8.722838499990758,46,53,5.273512744738853,107ee904bec67ff2,275,200,1778377632.671152
raw_logs/mac/mistral_small_24b_icd_zh.jsonl,macmini-m4-32gb,rapidmlx,mlx-community/Mistral-Small-3.2-24B-Instruct-2506-4bit,4bit-mlx,icd_zh,2,macmini-m4-32gb.rapidmlx.Mistral-Small-3.2-24B-Instruct-2506-4bit.4bit-mlx.icd_zh,0.5045608750078827,9.359303042001557,8.854742166993674,46,53,5.1949564575088845,107ee904bec67ff2,275,200,1778377642.275361
raw_logs/mac/mistral_small_24b_icd_zh.jsonl,macmini-m4-32gb,rapidmlx,mlx-community/Mistral-Small-3.2-24B-Instruct-2506-4bit,4bit-mlx,icd_zh,3,macmini-m4-32gb.rapidmlx.Mistral-Small-3.2-24B-Instruct-2506-4bit.4bit-mlx.icd_zh,0.4779495000257157,9.36271520802984,8.884765708004124,46,53,5.177401578362323,107ee904bec67ff2,275,200,1778377651.884029
raw_logs/mac/mistral_small_24b_icd_zh.jsonl,macmini-m4-32gb,rapidmlx,mlx-community/Mistral-Small-3.2-24B-Instruct-2506-4bit,4bit-mlx,icd_zh,4,macmini-m4-32gb.rapidmlx.Mistral-Small-3.2-24B-Instruct-2506-4bit.4bit-mlx.icd_zh,0.4486420000321232,9.272038375027478,8.823396374995355,46,53,5.213411938554581,107ee904bec67ff2,275,200,1778377661.394007
raw_logs/mac/mistral_small_24b_soap_en.jsonl,macmini-m4-32gb,rapidmlx,mlx-community/Mistral-Small-3.2-24B-Instruct-2506-4bit,4bit-mlx,soap_en,0,macmini-m4-32gb.rapidmlx.Mistral-Small-3.2-24B-Instruct-2506-4bit.4bit-mlx.soap_en,0.5341932500014082,46.8490472920239,46.31485404202249,245,984,5.28987956601798,fdc31b28bc22bc97,1474,600,1778376911.627085
raw_logs/mac/mistral_small_24b_soap_en.jsonl,macmini-m4-32gb,rapidmlx,mlx-community/Mistral-Small-3.2-24B-Instruct-2506-4bit,4bit-mlx,soap_en,1,macmini-m4-32gb.rapidmlx.Mistral-Small-3.2-24B-Instruct-2506-4bit.4bit-mlx.soap_en,0.4494625839870423,46.48310833401047,46.033645750023425,245,984,5.322194147524701,fdc31b28bc22bc97,1474,600,1778376958.3717928
raw_logs/mac/mistral_small_24b_soap_en.jsonl,macmini-m4-32gb,rapidmlx,mlx-community/Mistral-Small-3.2-24B-Instruct-2506-4bit,4bit-mlx,soap_en,2,macmini-m4-32gb.rapidmlx.Mistral-Small-3.2-24B-Instruct-2506-4bit.4bit-mlx.soap_en,0.46012741600861773,46.388816874998156,45.92868945898954,245,984,5.33435643137095,fdc31b28bc22bc97,1474,600,1778377005.002222
raw_logs/mac/mistral_small_24b_soap_en.jsonl,macmini-m4-32gb,rapidmlx,mlx-community/Mistral-Small-3.2-24B-Instruct-2506-4bit,4bit-mlx,soap_en,3,macmini-m4-32gb.rapidmlx.Mistral-Small-3.2-24B-Instruct-2506-4bit.4bit-mlx.soap_en,0.47719775000587106,46.22713383304654,45.749936083040666,245,984,5.3551987385359565,fdc31b28bc22bc97,1474,600,1778377051.4639769
raw_logs/mac/mistral_small_24b_soap_en.jsonl,macmini-m4-32gb,rapidmlx,mlx-community/Mistral-Small-3.2-24B-Instruct-2506-4bit,4bit-mlx,soap_en,4,macmini-m4-32gb.rapidmlx.Mistral-Small-3.2-24B-Instruct-2506-4bit.4bit-mlx.soap_en,0.4468318750150502,45.710962417011615,45.264130541996565,245,984,5.412674386238045,fdc31b28bc22bc97,1474,600,1778377097.414083
raw_logs/mac/phi4_full_ddx_en.jsonl,macmini-m4-32gb,rapidmlx,mlx-community/phi-4-4bit,4bit-mlx,ddx_en,0,macmini-m4-32gb.rapidmlx.phi-4-4bit.4bit-mlx.ddx_en,0.32859112502774224,20.09734204201959,19.76875091699185,171,724,8.65001540653842,84019c29ff42574f,1084,400,1778376088.152731
raw_logs/mac/phi4_full_ddx_en.jsonl,macmini-m4-32gb,rapidmlx,mlx-community/phi-4-4bit,4bit-mlx,ddx_en,1,macmini-m4-32gb.rapidmlx.phi-4-4bit.4bit-mlx.ddx_en,0.32976954203331843,20.075212709023617,19.7454431669903,171,724,8.660225984994424,84019c29ff42574f,1084,400,1778376108.402049
raw_logs/mac/phi4_full_ddx_en.jsonl,macmini-m4-32gb,rapidmlx,mlx-community/phi-4-4bit,4bit-mlx,ddx_en,2,macmini-m4-32gb.rapidmlx.phi-4-4bit.4bit-mlx.ddx_en,0.32087916700402275,20.10418387502432,19.783304708020296,171,724,8.64365193398024,84019c29ff42574f,1084,400,1778376128.674423
raw_logs/mac/phi4_full_ddx_en.jsonl,macmini-m4-32gb,rapidmlx,mlx-community/phi-4-4bit,4bit-mlx,ddx_en,3,macmini-m4-32gb.rapidmlx.phi-4-4bit.4bit-mlx.ddx_en,0.318394250003621,20.115239000006113,19.796844750002492,171,724,8.637740112599431,84019c29ff42574f,1084,400,1778376148.955494
raw_logs/mac/phi4_full_ddx_en.jsonl,macmini-m4-32gb,rapidmlx,mlx-community/phi-4-4bit,4bit-mlx,ddx_en,4,macmini-m4-32gb.rapidmlx.phi-4-4bit.4bit-mlx.ddx_en,0.3286321670166217,20.088595500041265,19.759963333024643,171,724,8.653862212092736,84019c29ff42574f,1084,400,1778376169.215434
raw_logs/mac/phi4_full_drug_zh.jsonl,macmini-m4-32gb,rapidmlx,mlx-community/phi-4-4bit,4bit-mlx,drug_zh,0,macmini-m4-32gb.rapidmlx.phi-4-4bit.4bit-mlx.drug_zh,0.466091750015039,50.57362133299466,50.10752958297962,315,442,6.286480347795838,926884b731f401d7,305,500,1778376279.396926
raw_logs/mac/phi4_full_drug_zh.jsonl,macmini-m4-32gb,rapidmlx,mlx-community/phi-4-4bit,4bit-mlx,drug_zh,1,macmini-m4-32gb.rapidmlx.phi-4-4bit.4bit-mlx.drug_zh,0.4210345409810543,49.99025387497386,49.569219333992805,315,442,6.3547500693436225,926884b731f401d7,305,500,1778376329.5600908
raw_logs/mac/phi4_full_drug_zh.jsonl,macmini-m4-32gb,rapidmlx,mlx-community/phi-4-4bit,4bit-mlx,drug_zh,2,macmini-m4-32gb.rapidmlx.phi-4-4bit.4bit-mlx.drug_zh,0.2988018750329502,49.876302334014326,49.577500458981376,315,442,6.35368861043367,926884b731f401d7,305,500,1778376379.605878
raw_logs/mac/phi4_full_drug_zh.jsonl,macmini-m4-32gb,rapidmlx,mlx-community/phi-4-4bit,4bit-mlx,drug_zh,3,macmini-m4-32gb.rapidmlx.phi-4-4bit.4bit-mlx.drug_zh,0.328688083041925,49.75685425003758,49.42816616699565,315,442,6.372884620800132,926884b731f401d7,305,500,1778376429.533831
raw_logs/mac/phi4_full_drug_zh.jsonl,macmini-m4-32gb,rapidmlx,mlx-community/phi-4-4bit,4bit-mlx,drug_zh,4,macmini-m4-32gb.rapidmlx.phi-4-4bit.4bit-mlx.drug_zh,0.35120112501317635,49.738591750035994,49.38739062502282,315,442,6.378146243677041,926884b731f401d7,305,500,1778376479.377253
raw_logs/mac/phi4_full_icd_zh.jsonl,macmini-m4-32gb,rapidmlx,mlx-community/phi-4-4bit,4bit-mlx,icd_zh,0,macmini-m4-32gb.rapidmlx.phi-4-4bit.4bit-mlx.icd_zh,0.32134108303580433,12.323858416988514,12.00251733395271,69,89,5.748794030466664,b7a6ca1414272f29,275,200,1778376510.630945
raw_logs/mac/phi4_full_icd_zh.jsonl,macmini-m4-32gb,rapidmlx,mlx-community/phi-4-4bit,4bit-mlx,icd_zh,1,macmini-m4-32gb.rapidmlx.phi-4-4bit.4bit-mlx.icd_zh,0.30476537498179823,12.28799441701267,11.983229042030871,69,89,5.758047330814112,b7a6ca1414272f29,275,200,1778376523.093375
raw_logs/mac/phi4_full_icd_zh.jsonl,macmini-m4-32gb,rapidmlx,mlx-community/phi-4-4bit,4bit-mlx,icd_zh,2,macmini-m4-32gb.rapidmlx.phi-4-4bit.4bit-mlx.icd_zh,0.32549704099074006,12.454804165987298,12.129307124996558,69,89,5.688700870456323,b7a6ca1414272f29,275,200,1778376535.714813
raw_logs/mac/phi4_full_icd_zh.jsonl,macmini-m4-32gb,rapidmlx,mlx-community/phi-4-4bit,4bit-mlx,icd_zh,3,macmini-m4-32gb.rapidmlx.phi-4-4bit.4bit-mlx.icd_zh,0.4138104579760693,12.35348150000209,11.93967104202602,69,89,5.779053690602478,b7a6ca1414272f29,275,200,1778376548.226402
raw_logs/mac/phi4_full_icd_zh.jsonl,macmini-m4-32gb,rapidmlx,mlx-community/phi-4-4bit,4bit-mlx,icd_zh,4,macmini-m4-32gb.rapidmlx.phi-4-4bit.4bit-mlx.icd_zh,0.32993462501326576,13.68402420898201,13.354089583968744,69,89,5.166956501687154,b7a6ca1414272f29,275,200,1778376562.18016
raw_logs/mac/phi4_full_soap_en.jsonl,macmini-m4-32gb,rapidmlx,mlx-community/phi-4-4bit,4bit-mlx,soap_en,0,macmini-m4-32gb.rapidmlx.phi-4-4bit.4bit-mlx.soap_en,0.35884350002743304,43.68856550002238,43.329721999994945,362,1631,8.354542408558316,2ac221c78100e171,1474,600,1778375867.1883771
raw_logs/mac/phi4_full_soap_en.jsonl,macmini-m4-32gb,rapidmlx,mlx-community/phi-4-4bit,4bit-mlx,soap_en,1,macmini-m4-32gb.rapidmlx.phi-4-4bit.4bit-mlx.soap_en,0.4205092079937458,43.16451774997404,42.74400854198029,362,1631,8.46902319992913,2ac221c78100e171,1474,600,1778375910.546407
raw_logs/mac/phi4_full_soap_en.jsonl,macmini-m4-32gb,rapidmlx,mlx-community/phi-4-4bit,4bit-mlx,soap_en,2,macmini-m4-32gb.rapidmlx.phi-4-4bit.4bit-mlx.soap_en,0.3121742500225082,42.798468374996446,42.48629412497394,362,1631,8.52039481097534,2ac221c78100e171,1474,600,1778375953.515776
raw_logs/mac/phi4_full_soap_en.jsonl,macmini-m4-32gb,rapidmlx,mlx-community/phi-4-4bit,4bit-mlx,soap_en,3,macmini-m4-32gb.rapidmlx.phi-4-4bit.4bit-mlx.soap_en,0.30895404098555446,43.16807733295718,42.85912329197163,362,1631,8.446276363002736,2ac221c78100e171,1474,600,1778375996.869246
raw_logs/mac/phi4_full_soap_en.jsonl,macmini-m4-32gb,rapidmlx,mlx-community/phi-4-4bit,4bit-mlx,soap_en,4,macmini-m4-32gb.rapidmlx.phi-4-4bit.4bit-mlx.soap_en,0.36947454197797924,43.18644033395685,42.81696579197887,362,1631,8.454592550035747,2ac221c78100e171,1474,600,1778376040.2214851
raw_logs/mac/qwen36_35b_ddx_en.jsonl,macmini-m4-32gb,rapidmlx,qwen3.6-35b,4bit-mlx,ddx_en,0,macmini-m4-32gb.rapidmlx.qwen3.6-35b.4bit-mlx.ddx_en,0.4105567499937024,9.13737174999551,8.726815000001807,208,899,23.834583407572744,198d49f7f52ca17b,1084,400,1778372494.366826
raw_logs/mac/qwen36_35b_ddx_en.jsonl,macmini-m4-32gb,rapidmlx,qwen3.6-35b,4bit-mlx,ddx_en,1,macmini-m4-32gb.rapidmlx.qwen3.6-35b.4bit-mlx.ddx_en,0.4742846669978462,8.374050499987788,7.899765832989942,208,899,26.32989437881542,198d49f7f52ca17b,1084,400,1778372502.7811992
raw_logs/mac/qwen36_35b_ddx_en.jsonl,macmini-m4-32gb,rapidmlx,qwen3.6-35b,4bit-mlx,ddx_en,2,macmini-m4-32gb.rapidmlx.qwen3.6-35b.4bit-mlx.ddx_en,0.5848949170031119,8.101744084007805,7.516849167004693,208,899,27.671168514730706,198d49f7f52ca17b,1084,400,1778372510.923883
raw_logs/mac/qwen36_35b_ddx_en.jsonl,macmini-m4-32gb,rapidmlx,qwen3.6-35b,4bit-mlx,ddx_en,3,macmini-m4-32gb.rapidmlx.qwen3.6-35b.4bit-mlx.ddx_en,0.459176792006474,8.062297416996444,7.60312062498997,208,899,27.357187957316462,198d49f7f52ca17b,1084,400,1778372519.0246348
raw_logs/mac/qwen36_35b_ddx_en.jsonl,macmini-m4-32gb,rapidmlx,qwen3.6-35b,4bit-mlx,ddx_en,4,macmini-m4-32gb.rapidmlx.qwen3.6-35b.4bit-mlx.ddx_en,0.42468837500200607,8.003413583996007,7.578725208994001,208,899,27.445248938852856,198d49f7f52ca17b,1084,400,1778372527.107881
raw_logs/mac/qwen36_35b_drug_zh.jsonl,macmini-m4-32gb,rapidmlx,qwen3.6-35b,4bit-mlx,drug_zh,0,macmini-m4-32gb.rapidmlx.qwen3.6-35b.4bit-mlx.drug_zh,0.44064620800781995,6.228226333012572,5.787580125004752,162,218,27.990973170305267,f429e81d7d8fa8de,305,500,1778372542.9785411
raw_logs/mac/qwen36_35b_drug_zh.jsonl,macmini-m4-32gb,rapidmlx,qwen3.6-35b,4bit-mlx,drug_zh,1,macmini-m4-32gb.rapidmlx.qwen3.6-35b.4bit-mlx.drug_zh,0.41444979200605303,7.186209999985294,6.771760207979241,162,218,23.922878989293444,f429e81d7d8fa8de,305,500,1778372550.2078311
raw_logs/mac/qwen36_35b_drug_zh.jsonl,macmini-m4-32gb,rapidmlx,qwen3.6-35b,4bit-mlx,drug_zh,2,macmini-m4-32gb.rapidmlx.qwen3.6-35b.4bit-mlx.drug_zh,0.44967070798156783,6.47974308297853,6.030072374996962,162,218,26.865349190785064,f429e81d7d8fa8de,305,500,1778372556.72864
raw_logs/mac/qwen36_35b_drug_zh.jsonl,macmini-m4-32gb,rapidmlx,qwen3.6-35b,4bit-mlx,drug_zh,3,macmini-m4-32gb.rapidmlx.qwen3.6-35b.4bit-mlx.drug_zh,0.45670825001434423,6.610171625012299,6.153463374997955,162,218,26.32663755800023,f429e81d7d8fa8de,305,500,1778372563.398762
raw_logs/mac/qwen36_35b_drug_zh.jsonl,macmini-m4-32gb,rapidmlx,qwen3.6-35b,4bit-mlx,drug_zh,4,macmini-m4-32gb.rapidmlx.qwen3.6-35b.4bit-mlx.drug_zh,0.4633490830019582,6.493841957999393,6.030492874997435,162,218,26.863475897908078,f429e81d7d8fa8de,305,500,1778372569.948205
raw_logs/mac/qwen36_35b_icd_zh.jsonl,macmini-m4-32gb,rapidmlx,qwen3.6-35b,4bit-mlx,icd_zh,0,macmini-m4-32gb.rapidmlx.qwen3.6-35b.4bit-mlx.icd_zh,0.35234195899101906,0.7852929999935441,0.432951041002525,15,18,34.64594972509263,a01230ea452e1a0f,275,200,1778372574.2019908
raw_logs/mac/qwen36_35b_icd_zh.jsonl,macmini-m4-32gb,rapidmlx,qwen3.6-35b,4bit-mlx,icd_zh,1,macmini-m4-32gb.rapidmlx.qwen3.6-35b.4bit-mlx.icd_zh,0.47712716698879376,2.251478333986597,1.7743511669978034,15,18,8.453794422994605,a01230ea452e1a0f,275,200,1778372576.55086
raw_logs/mac/qwen36_35b_icd_zh.jsonl,macmini-m4-32gb,rapidmlx,qwen3.6-35b,4bit-mlx,icd_zh,2,macmini-m4-32gb.rapidmlx.qwen3.6-35b.4bit-mlx.icd_zh,0.30437966700992547,1.5909716250025667,1.2865919579926413,15,18,11.65870803623179,a01230ea452e1a0f,275,200,1778372578.234245
raw_logs/mac/qwen36_35b_icd_zh.jsonl,macmini-m4-32gb,rapidmlx,qwen3.6-35b,4bit-mlx,icd_zh,3,macmini-m4-32gb.rapidmlx.qwen3.6-35b.4bit-mlx.icd_zh,0.2747460829850752,1.6556844169972464,1.3809383340121713,15,18,10.862179454761804,a01230ea452e1a0f,275,200,1778372579.983405
raw_logs/mac/qwen36_35b_icd_zh.jsonl,macmini-m4-32gb,rapidmlx,qwen3.6-35b,4bit-mlx,icd_zh,4,macmini-m4-32gb.rapidmlx.qwen3.6-35b.4bit-mlx.icd_zh,0.28294837501016445,1.5953977500030305,1.312449374992866,15,18,11.429012261963654,a01230ea452e1a0f,275,200,1778372581.674125
raw_logs/mac/qwen36_35b_soap_en.jsonl,macmini-m4-32gb,rapidmlx,qwen3.6-35b,4bit-mlx,soap_en,0,macmini-m4-32gb.rapidmlx.qwen3.6-35b.4bit-mlx.soap_en,0.3220321669941768,11.594034375011688,11.272002208017511,305,1357,27.058192002753568,a5509919649521f4,1474,600,1778372428.013642
raw_logs/mac/qwen36_35b_soap_en.jsonl,macmini-m4-32gb,rapidmlx,qwen3.6-35b,4bit-mlx,soap_en,1,macmini-m4-32gb.rapidmlx.qwen3.6-35b.4bit-mlx.soap_en,0.7326754159876145,11.484675124986097,10.751999708998483,305,1357,28.366816243934764,a5509919649521f4,1474,600,1778372439.536107
raw_logs/mac/qwen36_35b_soap_en.jsonl,macmini-m4-32gb,rapidmlx,qwen3.6-35b,4bit-mlx,soap_en,2,macmini-m4-32gb.rapidmlx.qwen3.6-35b.4bit-mlx.soap_en,0.34875108301639557,11.039541750011267,10.690790666994872,305,1357,28.529227584785737,a5509919649521f4,1474,600,1778372450.616417
raw_logs/mac/qwen36_35b_soap_en.jsonl,macmini-m4-32gb,rapidmlx,qwen3.6-35b,4bit-mlx,soap_en,3,macmini-m4-32gb.rapidmlx.qwen3.6-35b.4bit-mlx.soap_en,0.3300155829929281,11.950833290989976,11.620817707997048,305,1357,26.24600158645544,a5509919649521f4,1474,600,1778372462.608955
raw_logs/mac/qwen36_35b_soap_en.jsonl,macmini-m4-32gb,rapidmlx,qwen3.6-35b,4bit-mlx,soap_en,4,macmini-m4-32gb.rapidmlx.qwen3.6-35b.4bit-mlx.soap_en,0.37972875000559725,11.176435833011055,10.796707083005458,305,1357,28.249353960902102,a5509919649521f4,1474,600,1778372473.822853
raw_logs/mac/qwen36_ddx_en.jsonl,macmini-m4-32gb,rapidmlx,qwen3.6-35b,4bit-mlx,ddx_en,0,macmini-m4-32gb.rapidmlx.qwen3.6-35b.4bit-mlx.ddx_en,0.4105567499937024,9.13737174999551,8.726815000001807,208,899,23.834583407572744,198d49f7f52ca17b,1084,400,1778372494.366826
raw_logs/mac/qwen36_ddx_en.jsonl,macmini-m4-32gb,rapidmlx,qwen3.6-35b,4bit-mlx,ddx_en,1,macmini-m4-32gb.rapidmlx.qwen3.6-35b.4bit-mlx.ddx_en,0.4742846669978462,8.374050499987788,7.899765832989942,208,899,26.32989437881542,198d49f7f52ca17b,1084,400,1778372502.7811992
raw_logs/mac/qwen36_ddx_en.jsonl,macmini-m4-32gb,rapidmlx,qwen3.6-35b,4bit-mlx,ddx_en,2,macmini-m4-32gb.rapidmlx.qwen3.6-35b.4bit-mlx.ddx_en,0.5848949170031119,8.101744084007805,7.516849167004693,208,899,27.671168514730706,198d49f7f52ca17b,1084,400,1778372510.923883
raw_logs/mac/qwen36_ddx_en.jsonl,macmini-m4-32gb,rapidmlx,qwen3.6-35b,4bit-mlx,ddx_en,3,macmini-m4-32gb.rapidmlx.qwen3.6-35b.4bit-mlx.ddx_en,0.459176792006474,8.062297416996444,7.60312062498997,208,899,27.357187957316462,198d49f7f52ca17b,1084,400,1778372519.0246348
raw_logs/mac/qwen36_ddx_en.jsonl,macmini-m4-32gb,rapidmlx,qwen3.6-35b,4bit-mlx,ddx_en,4,macmini-m4-32gb.rapidmlx.qwen3.6-35b.4bit-mlx.ddx_en,0.42468837500200607,8.003413583996007,7.578725208994001,208,899,27.445248938852856,198d49f7f52ca17b,1084,400,1778372527.107881
raw_logs/mac/qwen36_drug_zh.jsonl,macmini-m4-32gb,rapidmlx,qwen3.6-35b,4bit-mlx,drug_zh,0,macmini-m4-32gb.rapidmlx.qwen3.6-35b.4bit-mlx.drug_zh,0.44064620800781995,6.228226333012572,5.787580125004752,162,218,27.990973170305267,f429e81d7d8fa8de,305,500,1778372542.9785411
raw_logs/mac/qwen36_drug_zh.jsonl,macmini-m4-32gb,rapidmlx,qwen3.6-35b,4bit-mlx,drug_zh,1,macmini-m4-32gb.rapidmlx.qwen3.6-35b.4bit-mlx.drug_zh,0.41444979200605303,7.186209999985294,6.771760207979241,162,218,23.922878989293444,f429e81d7d8fa8de,305,500,1778372550.2078311
raw_logs/mac/qwen36_drug_zh.jsonl,macmini-m4-32gb,rapidmlx,qwen3.6-35b,4bit-mlx,drug_zh,2,macmini-m4-32gb.rapidmlx.qwen3.6-35b.4bit-mlx.drug_zh,0.44967070798156783,6.47974308297853,6.030072374996962,162,218,26.865349190785064,f429e81d7d8fa8de,305,500,1778372556.72864
raw_logs/mac/qwen36_drug_zh.jsonl,macmini-m4-32gb,rapidmlx,qwen3.6-35b,4bit-mlx,drug_zh,3,macmini-m4-32gb.rapidmlx.qwen3.6-35b.4bit-mlx.drug_zh,0.45670825001434423,6.610171625012299,6.153463374997955,162,218,26.32663755800023,f429e81d7d8fa8de,305,500,1778372563.398762
raw_logs/mac/qwen36_drug_zh.jsonl,macmini-m4-32gb,rapidmlx,qwen3.6-35b,4bit-mlx,drug_zh,4,macmini-m4-32gb.rapidmlx.qwen3.6-35b.4bit-mlx.drug_zh,0.4633490830019582,6.493841957999393,6.030492874997435,162,218,26.863475897908078,f429e81d7d8fa8de,305,500,1778372569.948205
raw_logs/mac/qwen36_icd_zh.jsonl,macmini-m4-32gb,rapidmlx,qwen3.6-35b,4bit-mlx,icd_zh,0,macmini-m4-32gb.rapidmlx.qwen3.6-35b.4bit-mlx.icd_zh,0.35234195899101906,0.7852929999935441,0.432951041002525,15,18,34.64594972509263,a01230ea452e1a0f,275,200,1778372574.2019908
raw_logs/mac/qwen36_icd_zh.jsonl,macmini-m4-32gb,rapidmlx,qwen3.6-35b,4bit-mlx,icd_zh,1,macmini-m4-32gb.rapidmlx.qwen3.6-35b.4bit-mlx.icd_zh,0.47712716698879376,2.251478333986597,1.7743511669978034,15,18,8.453794422994605,a01230ea452e1a0f,275,200,1778372576.55086
raw_logs/mac/qwen36_icd_zh.jsonl,macmini-m4-32gb,rapidmlx,qwen3.6-35b,4bit-mlx,icd_zh,2,macmini-m4-32gb.rapidmlx.qwen3.6-35b.4bit-mlx.icd_zh,0.30437966700992547,1.5909716250025667,1.2865919579926413,15,18,11.65870803623179,a01230ea452e1a0f,275,200,1778372578.234245
raw_logs/mac/qwen36_icd_zh.jsonl,macmini-m4-32gb,rapidmlx,qwen3.6-35b,4bit-mlx,icd_zh,3,macmini-m4-32gb.rapidmlx.qwen3.6-35b.4bit-mlx.icd_zh,0.2747460829850752,1.6556844169972464,1.3809383340121713,15,18,10.862179454761804,a01230ea452e1a0f,275,200,1778372579.983405
raw_logs/mac/qwen36_icd_zh.jsonl,macmini-m4-32gb,rapidmlx,qwen3.6-35b,4bit-mlx,icd_zh,4,macmini-m4-32gb.rapidmlx.qwen3.6-35b.4bit-mlx.icd_zh,0.28294837501016445,1.5953977500030305,1.312449374992866,15,18,11.429012261963654,a01230ea452e1a0f,275,200,1778372581.674125
raw_logs/mac/qwen36_soap_en.jsonl,macmini-m4-32gb,rapidmlx,qwen3.6-35b,4bit-mlx,soap_en,0,macmini-m4-32gb.rapidmlx.qwen3.6-35b.4bit-mlx.soap_en,0.3220321669941768,11.594034375011688,11.272002208017511,305,1357,27.058192002753568,a5509919649521f4,1474,600,1778372428.013642
raw_logs/mac/qwen36_soap_en.jsonl,macmini-m4-32gb,rapidmlx,qwen3.6-35b,4bit-mlx,soap_en,1,macmini-m4-32gb.rapidmlx.qwen3.6-35b.4bit-mlx.soap_en,0.7326754159876145,11.484675124986097,10.751999708998483,305,1357,28.366816243934764,a5509919649521f4,1474,600,1778372439.536107
raw_logs/mac/qwen36_soap_en.jsonl,macmini-m4-32gb,rapidmlx,qwen3.6-35b,4bit-mlx,soap_en,2,macmini-m4-32gb.rapidmlx.qwen3.6-35b.4bit-mlx.soap_en,0.34875108301639557,11.039541750011267,10.690790666994872,305,1357,28.529227584785737,a5509919649521f4,1474,600,1778372450.616417
raw_logs/mac/qwen36_soap_en.jsonl,macmini-m4-32gb,rapidmlx,qwen3.6-35b,4bit-mlx,soap_en,3,macmini-m4-32gb.rapidmlx.qwen3.6-35b.4bit-mlx.soap_en,0.3300155829929281,11.950833290989976,11.620817707997048,305,1357,26.24600158645544,a5509919649521f4,1474,600,1778372462.608955
raw_logs/mac/qwen36_soap_en.jsonl,macmini-m4-32gb,rapidmlx,qwen3.6-35b,4bit-mlx,soap_en,4,macmini-m4-32gb.rapidmlx.qwen3.6-35b.4bit-mlx.soap_en,0.37972875000559725,11.176435833011055,10.796707083005458,305,1357,28.249353960902102,a5509919649521f4,1474,600,1778372473.822853
